No|Judul|Penulis|Genre|Tahun Terbit|Kategori
1|Arena Wati|Shahnon Ahmad|Fiksi|2006|sastramelayu
2|Seorang Tua di Kaki Gunung|Azizi Haji Abdullah|Novel|2001|sastramelayu
3|Imam|Abdullah Hussain|Novel|1995|sastramelayu
4|Anak Mat Lela Gila|Ishak Haji Muhammad|Novel|2012|sastramelayu
5|Ayahanda|Azizi Haji Abdullah|Novel|1997|sastramelayu
6|ADAM : Aku Darah Anak Malaysia|Ramlee Awang Murshid |Fiksi|2001|sastramelayu
7|Bagaikan Puteri|Ramlee Awang Murshid|Novel|2012|sastramelayu
8|Kunang Pesisir Morten|Raiha Bahaudin |Novel|2015|sastramelayu
9|Senjakala|Baharuddin Kahar|Fiksi|1990|sastramelayu
10|Rindu Aroma Padi Bunting|Arena Wati|Novel|2012|sastramelayu
11|Mencari Locus Standi|Nisah Haji Haron |Novel|2006|sastramelayu
12|Putera Gunung Tahan|Ishak Haji Muhammad|Novel|2000|sastramelayu
13|Manikam Kalbu|Faisal Tehrani|Novel|2007|sastramelayu
14|Bercakap Dengan Jin |Tamar Jalis|Fiksi|2011|sastramelayu
15|Lentera Mustika|Nisah Haji Haron |Novel|2009|sastramelayu
16|Rimba Harapan|Keris Mas|Novel|1986|sastramelayu
17|Ini Saya Punya Kerja|Usman Awang|Cerpen|1999|sastramelayu
18|Sukma Angin|Arena Wati|Novel|1999|sastramelayu
19|Sudara|Arena Wati|Novel|1994|sastramelayu
20|Begawan|Arena Wati|Novel|1996|sastramelayu
21|Ombak Samudera|Arena Wati|Cerpen|1992|sastramelayu
22|Tulang Tulang Berserakan|Usman Awang|Sejarah|1992|sastramelayu
23|Pecah|Khairulnizam Bakeri |Novel|2011|sastramelayu
24|Masuk ke Dalam Cahaya|Abdullah Hussain|Novel|1997|sastramelayu
25|Langit Petang|A. Samad Said|Novel|1980|sastramelayu
26|Rahsia Perindu|Ramlee Awang Murshid|Novel|2005|sastramelayu
27|Hari-hari Terakhir Seorang Seniman|Anwar Ridhwan|Novel|1979|sastramelayu
28|Penyeberang Sempadan|Anwar Ridhwan|Novel|2012|sastramelayu
29|Adik Datang|A. Samad Said|Novel|2003|sastramelayu
30|Daerah Zeni|A. Samad Said|Novel|1991|sastramelayu
31|Perlumbaan Kedua|Marwilis Haji Yusof|Novel|1992|sastramelayu
32|Dunia Adalah Sebuah Apartmen|Anwar Ridhwan|Cerpen|2005|sastramelayu
33|Merentas Gerhana|Norhisham Mustaffa|Novel|2012|sastramelayu
34|Ombak Bukan Biru|Fatimah Busu|Novel|2005|sastramelayu
35|Mereka Yang Tertewas|Hasanuddin Md. Isa|Novel|1989|sastramelayu
36|Hikayat Faridah Hanum|Syed Syeikh Ahmad al-Hadi|Romance|2017|sastramelayu
37|Puisi Untuk Esdyzuar|Nisah Haji Haron |Novel|2008|sastramelayu
38|Waris Pejuang|Ruhaini Matdarin|Novel|2012|sastramelayu
39|Turunnya Sebuah Bendera|Usman Awang|Sejarah|2007|sastramelayu
40|Rantau Selamat|Abdullah Hussain|Novel|1978|sastramelayu
41|Bila Tuhan Berbicara|Faisal Tehrani|Fiksi|2007|sastramelayu
42|Dunia Adalah Sebuah Apartmen|Anwar Ridhwan|Cerpen|2005|sastramelayu
43|Di Negeri Belalang|Anwar Ridhwan|Cerpen|1989|sastramelayu
44|Sungai Mengalir Lesu|A. Samad Said|Novel|1997|sastramelayu
45|Kail Panjang Sejengkal|A. Samad Said|Novel|1994|sastramelayu
46|Tembok Tidak Tinggi|A. Samad Said|Novel|1994|sastramelayu
47|Ingin Jadi Pujangga|A. Samad Said|Novel|1995|sastramelayu
48|Wira Bukit|A. Samad Said|Novel|1991|sastramelayu
49|Mahabbah|Shahnon Ahmad|Novel|2007|sastramelayu
50|Tok Guru|Shahnon Ahmad|Novel|1988|sastramelayu
51|Serigala dan Sekuntum Tulip|S.M. Zakir|Cerpen|2010|sastramelayu
52|Budak Beca|Ishak Haji Muhammad|Novel|1957|sastramelayu
53|Sidang Serangga|Ishak Haji Muhammad|Novel|1990|sastramelayu
54|Yang Miskin dan Yang Mewah|Ishak Haji Muhammad|Novel|1966|sastramelayu
55|Warisnya Kalbu|Sri Rahayu Mohd Yusop|Novel|2008|sastramelayu
56|Odisi Tanah Kencana|Sri Rahayu Mohd Yusop|Novel|2007|sastramelayu
57|Bukan Legasi Lalang|Sri Rahayu Mohd Yusop|Novel|2001|sastramelayu
58|Buah Kering Di Hujung Ranting|Marwilis Haji Yusof|Novel|1990|sastramelayu
59|Panglima Awang|Harun Aminurrashid|Novel|2011|sastramelayu
60|Melur Kuala Lumpur|Harun Aminurrashid|Novel|1962|sastramelayu
61|Leksikon Ledang|Nor Azida Ishak|Fiksi|2015|sastramelayu
62|Di Sebalik Dinara|Dayang Noor|Fiksi|2012|sastramelayu
63|Hikayat Abdullah|Munsyi Abdullah|Sejarah|1997|sastramelayu
64|Pulanglah Perantau|Aziz Jahpin|Novel|1978|sastramelayu
65|Tujuh Keturunan|A. Razak Adam|Novel|2013|sastramelayu
66|Desa Pingitan|Ibrahim Omar|Novel|1964|sastramelayu
67|Bumi Lestari|Rebecca Ilham |Novel|2011|sastramelayu
68|Lagenda Budak Setan|Ahadiat Akashah|Novel|2005|sastramelayu
69|Empunya Hikayat|Zainal Rashid Ahmad|Cerpen|2014|sastramelayu
70|Semenanjung Menangis|Ariff Mohamad|Cerpen|2015|sastramelayu
71|Kanang: Cerita Seorang Pahlawan|Maznan Noordin|Sejarah|1988|sastramelayu
72|Merpati Putih Terbang Lagi|Khadijah Hashim|Novel|2011|sastramelayu
73|Pujangga Melayu|Mohd. Affandi Hassan|Sejarah|1997|sastramelayu
74|Patah Tumbuh|Keris Mas|Novel|1977|sastramelayu
75|Anak Titiwangsa|Keris Mas|Novel|2010|sastramelayu
76|Hikayat Tanah Jauh|Zainal Rashid Ahmad|Novel|2015|sastramelayu
77|Nyawa di Hujung Pedang|Ahmad Murad Nasaruddin|Novel|1993|sastramelayu
78|Sulalatus Salatin: Sejarah Melayu|Tun Sri Lanang|Sejarah|2014|sastramelayu
79|Penderhaka|Marsli N.O|Novel|2011|sastramelayu
80|Keris Melaka|Ahmad Bakhtiar|Novel|1940|sastramelayu
81|Luka Nering|Malim Ghozali PK|Sejarah|2014|sastramelayu
82|Warisan|Abdul Talib Mohd Hassan|Novel|1989|sastramelayu
83|Si Kolot Suamiku|Fazlyn Ridz|Romance|2018|sastramelayu
84|Baju Melayu Hijau Serindit|Syud|Romance|2021|sastramelayu
85|Lelah Mencintaimu|Muna Mahira|Romance|2021|sastramelayu
86|Biarkan Kulupa|Muna Mahira|Romance|2020|sastramelayu
87|Awak Suka Saya Tak? 2|Melur Jelita|Romance|2020|sastramelayu
88|Tolong Jaga Dia UntukKu|RenaNongYong|Romance|2021|sastramelayu
89|Cinta Musim Corona|Aein Dhiyauddin|Romance|2020|sastramelayu
90|Pertemuan Kali Ini|Muna Mahira|Romance|2020|sastramelayu
91|Pilu Tanpamu|Muna Mahira|Romance|2020|sastramelayu
92|Sekayu Cinta Dia|Muna Mahira|Romance|2020|sastramelayu
93|Semanis Cinta Dia|Muna Mahira|Romance|2020|sastramelayu
94|Tiada Salahnya|Muna Mahira|Romance|2020|sastramelayu
95|Lakaran Bahagia|Silencer|Romance|2021|sastramelayu
96|Cinta? Biar Betul|Anna Milla|Romance|2020|sastramelayu
97|Lelaki Antagonis|Adnil Zaff|Romance|2020|sastramelayu
98|Calon Pengantin Untuk Dipilih|Hannah Ezaty|Romance|2021|sastramelayu
99|Bahagia Yang Jauh|Nuril Bahanudin|Romance|2021|sastramelayu
100|Aku Tetap Setia|Ameera Ameer|Novel|2021|sastramelayu
101|Biar Betul? Nama Dia Bougainvillea|Azimah Lily|Novel|2021|sastramelayu
102|Misi Cinta Mr Bad Guy|Ailah Diela|Novel|2021|sastramelayu
103|Dongeng Yang Sempurna|Ayumi Syafiqah|Novel|2021|sastramelayu
104|Cinta Lelong|Sakura Ria|Novel|2021|sastramelayu
105|Kerana Indahnya Senyumanmu Sayang|Ailah Diela|Novel|2021|sastramelayu
106|Lakaran Cinta Digaris Waktu|Luvis Eija|Novel|2021|sastramelayu
107|Ratu Kala Jengking|Ameera Ameer|Novel|2021|sastramelayu
108|Mesej Cinta Terakhir|Hannah Ezaty|Novel|2021|sastramelayu
109|Cinta Budak Jepun|Rafina Abdullah|Romance|2020|sastramelayu
110|Warna Hati|Naniey Tj|Romance|2020|sastramelayu
111|Superhero Hati|Wardina Aisyah|Romance|2020|sastramelayu
112|Seikat Cinta Tersimpul Rindu|Annis Rizani|Romance|2021|sastramelayu
113|Mahalnya Cinta|Theya Nur|Romance|2021|sastramelayu
114|Pengantin Lelaki Untuk Cik Gadis|Aulia Iman|Romance|2020|sastramelayu
115|Sayang Cikgu Ketat-ketat|Rafina Abdullah|Romance|2021|sastramelayu
116|Curahan Cinta Niagara|Maya Iris|Romance|2021|sastramelayu
117|Bahagia Mengetuk Hati|Amanda Zee|Novel|2021|sastramelayu
118|Abang Sayang Adik Manis|Ailah Diela|Novel|2020|sastramelayu
119|Ku Pilih Untuk Setia|Ameera Ameer|Novel|2020|sastramelayu
120|Pelita Di Bawah Purnama|Adnil Zaff|Novel|2020|sastramelayu
121|Misi Menantu Mr Bad Guy|Danisya Rahmat|Novel|2020|sastramelayu
122|Cinta Yang Dilupakan|Nurshaza|Romance|2020|sastramelayu
123|Bukan Kekasih Tetapi Isteri|Ailah Diela|Novel|2019|sastramelayu
124|Bukan Mahuku|Muna Mahira|Novel|2020|sastramelayu
125|Sang Permaisuri|Muna Mahira|Novel|2020|sastramelayu
126|Encik Doktor Hati Kering|Rinsya Chasiani|Novel|2020|sastramelayu
127|Yang Mana Satu?|Nuriffa|Romance|2021|sastramelayu
128|Rahsia Hati Mrs. Fakrul|Azwari|Novel|2019|sastramelayu
129|Terus Setia Menjadi Imamku|MIA AZWARI|Novel|2020|sastramelayu
130|Kuli Rumah Untuk Dia|Aireen Aryana|Novel|2021|sastramelayu
131|Suami Pilihan Jiwa|Fatiah Zohar|Novel|2020|sastramelayu
132|"Hanya Padamu Hannissa"|Muna Mahira|Novel|2020|sastramelayu
133|Cuba Untuk Mencintaimu|Nurshaza|Romance|2020|sastramelayu
134|Jodoh Di Luh Mahfuz|Miss Honey|Romance|2020|sastramelayu
135|Pengantin Ramadan|Ameera Ameer|Romance|2020|sastramelayu
136|Kekasih Segera|Ella Syasdhia|Novel|2020|sastramelayu
137|Badai Semalam|Khadijah Hashim|Novel|2020|sastramelayu
138|Saat Cinta Diuji|Rafina Abdullah|Novel|2021|sastramelayu
139|Rindu Dalam Rahsia|Siti Khadijah|Romance|2019|sastramelayu
140|Cinta Harus Seksa|Nana Fiqree|Romance|2021|sastramelayu
141|Siri Haiwan Prihatin; Si Kura dan Si Tembil|Affizal Ahmad|Cerpen|2021|sastramelayu
142|Kahwin Muda|Aizuddin Hamid|Inspirasi|2021|sastramelayu
143|Bicaralah yang Baik ataupun Diam|Iqro` Firdaus|Inspirasi|2021|sastramelayu
144|Ku Dengar Suara - Siri 2|Han Nisa Mash|Inspirasi|2021|sastramelayu
145|Aku Budak Dakwah 0.2|Rosmawati Mohamad Rasit|Cerpen|2021|sastramelayu
146|"Jangan Buat Baik Buat Terbaik"|Zul Ramli M. Razali|Inspirasi|2021|sastramelayu
147|Pemangsa|Muhammad Fatrim|Novel|2018|sastramelayu
148|Hantu Vila Praha|Prayudi Q|Novel|2019|sastramelayu
149|Saka Tok Wan|Suhailah Selamat|Novel|2021|sastramelayu
150|Roh Rumah Sewa|Naim Tamdjis|Novel|2020|sastramelayu
151|Mata Tak Berhijab|Zulkifli Ahmad Idrus|Novel|2019|sastramelayu
152|Mayang Sari|Naai Ann|Novel|2021|sastramelayu
153|Untukmu Cinta|Dr Evelyn Rose|Romance|2020|sastramelayu
154|P.A Lelaki Kerek|Rose Eliza|Novel|2021|sastramelayu
155|Cukup Derita Itu|Siti Rosmizah|Novel|2020|sastramelayu
156|Projek Seram : Terowong|A. Darwisy|Novel|2021|sastramelayu
157|Ayahanda|Azizi Haji Abdullah|Novel|2021|sastramelayu
158|Perisik Cinta Tak Diundang|Puteri Aqish|Novel|2021|sastramelayu
159|Dia Yang Ku Jadikan Suami|Rinsya Chasiani|Novel|2020|sastramelayu
160|Andai Itu Takdirnya 2|Siti Rosmizah|Novel|2021|sastramelayu
161|Lawak Kampus 08|Keith|Cerpen|2021|sastramelayu
162|Dongeng|Anna Tan|Novel|2021|sastramelayu
163|Novel Sumpahan Legenda|Hilal Asyraf|Novel|2020|sastramelayu
164|Bolehkah Bercouple|Mohammad Nidzam Abdul Kadir|Inspirasi|2021|sastramelayu
165|"Yang Kutahu Cinta Itu Indah"|Ai Indah|Romance|2021|sastramelayu
166|JAMPI CINTA BUAT DATO F|Cik Tet|Novel|2021|sastramelayu
167|SUDI JADI ISTERI SAYA?|Maya Adira|Novel|2021|sastramelayu
168|SURI HATI ENCIK SERIUS|MIA AZWARI|Novel|2021|sastramelayu
169|Isteri Tuan Ihsan|Sara Kyoko|Novel|2016|sastramelayu
170|Curi Curi Hatinya!|Rinsya Chasiani|Novel|2020|sastramelayu
171|Hanya Kamu Johanna|Dilla Ahmad|Novel|2020|sastramelayu
172|Biar Hati Berbisik Rindu|Zuri Yanie|Novel|2021|sastramelayu
173|Bibik Milenium|Aein Dhiyauddin|Novel|2020|sastramelayu
174|Bertaut Kasih|Zara Lily|Novel|2020|sastramelayu
175|Kitab Terfaktab: Sarkastik Cinta|Skuad Terfaktab|Inspirasi|2021|sastramelayu
176|Rona Sanguis|Nadey K|Novel|2021|sastramelayu
177|Anekdot Rabak|Mohd Jayzan|Novel|2021|sastramelayu
178|Manifesto Anarkis|Max Nettlau|Sejarah|2021|sastramelayu
179|Melankolia Bisu|Sefa|Novel|2021|sastramelayu
180|Jurnal Hidup Mati|Tajrin Faruqi|Novel|2021|sastramelayu
181|Buku Skrip M.Butterfly|MISLINA MUSTAFFA|Novel|2021|sastramelayu
182|Maut Sebelum Ajal|Afiq Abrar|Novel|2021|sastramelayu
183|Untuk Separa Tuhan|Khalil Zaini|Novel|2021|sastramelayu
184|Titah Bukan Sabda|Siti Nazariah|Novel|2021|sastramelayu
185|Kampung Busut Jin|Wan SC|Novel|2021|sastramelayu
186|Bogel Menuju Tuhan|Zahiril Adzim|Novel|2017|sastramelayu
187|Kitab Sang Cupid|Aziz Harun|Novel|2021|sastramelayu
188|Trilogi Ngeri|Gina Yap Lai Yoong|Novel|2021|sastramelayu
189|Diari Nona Gila|Takahara Suiko|Novel|2016|sastramelayu
190|Makan Dalam|Sindiket Blogger Malaysia|Novel|2021|sastramelayu
191|Kota Teroris: Zodiak|Amirul Idham|Novel|2021|sastramelayu
192|Tiket Ke Neraka|Fatin Nadhira|Novel|2021|sastramelayu
193|Bukan Dari Jibril|Fikri Harun|Inspirasi|2021|sastramelayu
194|Simulasi|Lokman Hakim|Novel|2016|sastramelayu
195|Puisi Tepi Jalan|Fynn Jamal|Novel|2017|sastramelayu
196|Trilogi Ajaib|Syafiq Aizat|Novel|2019|sastramelayu
197|Trilogi Murtad|Hasrul Rizwan|Novel|2018|sastramelayu
198|Sitora Harimau Jadian|P.Ramlee|Novel|2021|sastramelayu
199|Tabu|Shaz Johar|Novel|2018|sastramelayu
200|Fantastik|Hasrul Rizwan|Novel|2019|sastramelayu
201|RASA|​Nuril Basri|Novel|2019|sastramelayu
202|KONSPIRASI|Adib Zaini|Novel|2021|sastramelayu
203|Servis Satu Malam|Syahid Abdullah|Novel|2021|sastramelayu
204|PENUMPANG|Fee Anyau|Novel|2021|sastramelayu
205|PERJALANAN|Regina Ibrahim|Novel|2016|sastramelayu
206|ANGKER|Feesya Zarell Azmi|Novel|2021|sastramelayu
207|SEJADAH|Saat Omar|Novel|2021|sastramelayu
208|PERMAINAN|Aiman Hazziq|Novel|2021|sastramelayu
209|SASAR|Syaihan Syafiq|Novel|2021|sastramelayu
210|GANTUNG: 2|Nadia Khan|Novel|2017|sastramelayu
211|KACAU|Ariff Adly|Novel|2017|sastramelayu
212|Semangat Gahsing: Putaran Cakerawala|Adiemus|Cerpen|2021|sastramelayu
213|Renda Cinta #2: Pintu Hati|Ben Wong|Cerpen|2020|sastramelayu
214|Lawak Kampus 09|Keith|Cerpen|2021|sastramelayu
215|SIRI HIKAYAT SAKTI 01: BELANG JADIAN|Panda|Cerpen|2021|sastramelayu
216|Tempur Nombor #1: Pulau Tempur|Haziq|Cerpen|2021|sastramelayu
217|Silat Boy #3: Tiga Penjuru|Ben|Cerpen|2021|sastramelayu
218|KecemprengMan #3: Robot Ribut|Poyo|Cerpen|2021|sastramelayu
219|MATA GHAIB - SIRI 2|UJA HAMZA|Novel|2020|sastramelayu
220|Gigitan|Zaifuzaman Ahmad|Novel|2021|sastramelayu
221|Margasatwa|Sidee Nor Azam|Novel|2018|sastramelayu
222|Jeritan Puaka|Ninie Othman|Novel|2021|sastramelayu
223|Kesumat|Fitri Hussin|Novel|2021|sastramelayu
224|Trauma|Zaifuzaman Ahmad|Novel|2017|sastramelayu
225|Kala Senja Dia Datang|A. Darwisy|Novel|2019|sastramelayu
226|Halusinasi|Jessy Mojuru|Novel|2021|sastramelayu
227|Jangan Biar Dia Masuk 2|A. Darwisy|Novel|2021|sastramelayu
228|Amukan Jembalang Tanah|A. Darwisy|Novel|2021|sastramelayu
229|Tempur|Ahmad Erhan|Novel|2021|sastramelayu
230|Penjara Mati|Riduan Judin|Novel|2020|sastramelayu
231|Lelaki Neraka|Asraf Shaari|Novel|2019|sastramelayu
232|Meremang|Ninie Othman|Novel|2020|sastramelayu
233|Pembantu Dari Neraka|Noor Fadzillah|Novel|2021|sastramelayu
234|Puja|Maria Kajiwa|Novel|2018|sastramelayu
235|Antologi Seram - Permainan Maut|Helmi Effendy|Novel|2021|sastramelayu
236|Rengsa|Zharulnizam Shah Z.A|Novel|2017|sastramelayu
237|Jasad|Eqbal Mohaydeen|Novel|2017|sastramelayu
238|Tarantula|Julie Jasmin|Novel|2021|sastramelayu
239|Kubur Bernyawa|Ebriza Aminnudin|Novel|2019|sastramelayu
240|Sumpahan Ling Chi|S. Kausari|Novel|2021|sastramelayu
241|Darah Senja|RJ Ibrahim|Novel|2014|sastramelayu
242|Projek Seram - Usu Lijah|Zaifuzaman Ahmad|Novel|2021|sastramelayu
243|Wajah Di Balik Cermin|Utusan Karya |Novel|2021|sastramelayu
244|Kerana Kau... Aku Kembali|Sophilea|Novel|2021|sastramelayu
245|Bisikan Syaitan|Asraf Shaari|Novel|2021|sastramelayu
246|Penunggu|Siti Rozilah|Novel|2020|sastramelayu
247|Pendamping|Zyra Safiya|Novel|2019|sastramelayu
248|Aneh|Khaidir Helmi|Novel|2019|sastramelayu
249|Waris Dukun Hitam|Syikin Zainal|Novel|2020|sastramelayu
250|Hantu Gadis Opera|Phakinai|Novel|2018|sastramelayu
251|Kakak Kemboja|Naim Tamdjis|Novel|2021|sastramelayu
252|Pocong Balik Rumah|Zaifuzaman Ahmad|Novel|2020|sastramelayu
253|Cindai Berdarah|Indah Hairani|Novel|2020|sastramelayu
254|9 Nyawa|Ramlee Awang Murshid|Romance|2021|sastramelayu
255|Hijab Sang Pencinta|Ramlee Awang Murshid|Novel|2019|sastramelayu
256|Cinta Sang Ratu|Ramlee Awang Murshid|Romance|2019|sastramelayu
257|Ranggau|Ramlee Awang Murshid|Novel|2019|sastramelayu
258|Semangat Hutan|Ramlee Awang Murshid|Novel|2021|sastramelayu
259|Dia Anak Jeneral|Hezzy Azra|Novel|2016|sastramelayu
260|Dia Menantu Rahsia|Indah Hairani|Novel|2017|sastramelayu
261|Senafas Rindu|Damya Hanna|Romance|2019|sastramelayu
262|Pilot Cafe|Ahadiat Akashah |Romance|2015|sastramelayu
263|Curi Curi Cinta|Siti Rosmizah|Romance|2019|sastramelayu
264|Selamat Malam Kekasih|Aina Emir|Romance|2021|sastramelayu
265|Lagenda Budak Setan|Ahadiat Akashah|Romance|2018|sastramelayu
266|Bunga-bunga Kemboja|Aina Emir|Romance|2021|sastramelayu
267|Kerana Kau Isteriku|Nuriarina|Novel|2019|sastramelayu
268|Encik Suami Mat Salih Celup|Yumi Hyra|Novel|2017|sastramelayu
269|Dia... Isteri Aku Rupanya|Hash Auliaa|Novel|2018|sastramelayu
270|Isteriku 120 kg|Siti Nur Dhuha|Novel|2021|sastramelayu
271|Ayat Ayat Cinta|Habiburrahman El Shirazy|Novel|2021|sastramelayu
272|Kau Laksana Bulan|Aina Emir|Novel|2021|sastramelayu
273|DEMI RINDUMU|DIYA JAMAL|Romance|2019|sastramelayu
274|Korban Kasih 2|Fatimah Saidin|Novel|2020|sastramelayu
275|Aku Yang Kau Tinggalkan|Alina Haizar|Romance|2019|sastramelayu
276|Jodoh Sebelah Pintu|Dekna Lee|Novel|2015|sastramelayu
277|Korban Kasih|Fatimah Saidin|Novel|2020|sastramelayu
278|Encik Fayed My Man|Dilla Ahmad|Novel|2021|sastramelayu
279|Pelindung Seorang Puteri|Mia Kiff|Novel|2021|sastramelayu
280|Rindu Awak 200%|Liyana Zahim|Romance|2020|sastramelayu
281|Bicara Cinta|Missa J|Romance|2020|sastramelayu
282|Setelah Cinta Itu Pergi|East Diani|Novel|2019|sastramelayu
283|Isteri Aku Kalis Cinta|Mawar Kamila|Romance|2018|sastramelayu
284|Hantu Punya Bos|Dekna Lee|Romance|2015|sastramelayu
285|Gaduh-Gaduh Sayang|Immaz Huda|Romance|2021|sastramelayu
286|Bidadari Salju|Mia Kiff|Novel|2019|sastramelayu
287|Sesegar Nailofar|Zaid Akhtar|Novel|2021|sastramelayu
288|NOTA BUAT CEMPAKA|Sophilea|Novel|2021|sastramelayu
289|7 Hari Mencintaiku 2|Siti Rosmizah|Novel|2020|sastramelayu
290|Pergilah Air Mata|Hanni Ramsul|Romance|2018|sastramelayu
291|Kan Ku Kejar Cinta Kamu|Fauziah Ashari|Romance|2021|sastramelayu
292|Pengantin Satu Malam|Sophilea|Romance|2021|sastramelayu
293|Romantika 4 Hari 3 Malam|Wizana Emilia|Novel|2021|sastramelayu
294|Gemersik Kalbu|Anis Ayuni|Novel|2021|sastramelayu
295|Kasih Antara Kita|Aleya Aneesa|Romance|2020|sastramelayu
296|Melastik Ke Hatimu|Aqma Dee|Novel|2021|sastramelayu
297|Rindu Awak Separuh Nyawa|Siti Rosmizah|Novel|2019|sastramelayu
298|Suara Hati|Anis Ayuni|Novel|2021|sastramelayu
299|Jangan Menangis Cinta|Siti Rosmizah|Novel|2019|sastramelayu
300|Designer Abang Cengeh|Mastura Abdullah|Novel|2016|sastramelayu
301|Seandainya Cinta|Rasya Haikal|Novel|2021|sastramelayu
302|Perempuan Yang Paling Aku Cinta|Acik Lana|Novel|2019|sastramelayu
303|Dekatnya Cinta - Adam & Hawa 2|Aisya Sofea|Romance|2019|sastramelayu
304|Encik Suami Mr Kertu|Nurfaza|Novel|2021|sastramelayu
305|"Abah Adik Nak Kahwin!"|Aireen Erina|Romance|2019|sastramelayu
306|TERIMA AKU SEADANYA|NINA HARITH|Novel|2018|sastramelayu
307|Derhaka Cinta Jebat|Cik Tet|Novel|2020|sastramelayu
308|Dia... Encik Imam Ekspres|Cik Tet|Novel|2020|sastramelayu
309|Bukan Kemahuan Fikiran|Dilla Ahmad|Novel|2020|sastramelayu
310|Bila Hati Memilih Dia|Wan Nur Najihah|Novel|2018|sastramelayu
311|Fenomena Keinggerisan Dalam Iklan Versi Terjemahan|Anis Shahirah Abdul Sukur|Inspirasi|2021|sastramelayu
312|Detik Aku Berpaling|Farah Shahirah Ahmad Zaki|Inspirasi|2021|sastramelayu
313|Amalan Ibu Mengandung|Dato Siti Norbayah Mahammod|Inspirasi|2021|sastramelayu
314|Tak Perlu Sentap-Sentap|Tinta Akbar|Inspirasi|2021|sastramelayu
315|12 Kunci Cepat Rezeki|Ustaz Muklas Syarkun|Inspirasi|2021|sastramelayu
316|Online dengan Tuhan|Zulkifli Khair|Novel|2013|sastramelayu
317|Adi Gempa: Evolusi|Bahruddin Bekri|Novel|2021|sastramelayu
318|Diari Si Ratu Air Mata|Natasha Effyzal|Novel|2021|sastramelayu
319|Mudahnya Twitter|Zulkifli Abdullah|Inspirasi|2021|sastramelayu
320|Urus Sendiri SOHO Anda|Mohd. Zulfadli bin Suddin|Inspirasi|2021|sastramelayu
321|Susun Atur 30 hari by Hani Mynis|Dr. Hani Mynis|Inspirasi|2021|sastramelayu
322|Ajaibnya Sedekah|Muhammad Muhyidin|Inspirasi|2021|sastramelayu
323|Seni Bercakap-Cakap & Berbual-Bual (Edisi Kemas Kini)|Ainon Mohd|Inspirasi|2021|sastramelayu
324|Urus Rumah With Hani|Dr. Hani Mynis|Inspirasi|2021|sastramelayu
325|Amalan dan Doa daripada Al-Quran dan Hadith: Murah Rezeki dan Bebas Hutang|Nor Aniza Mad Azer|Inspirasi|2021|sastramelayu
326|Super Imej|Nasrullah Amran|Inspirasi|2021|sastramelayu
327|Bimbingan Lengkap Solat Sunat (Edisi Kemas Kini)|Rohidzir Rais|Inspirasi|2021|sastramelayu
328|Ubah Patah Hati Jadi Prestasi|Addien Abdul Kadir|Inspirasi|2021|sastramelayu
329|Karut!|Ahmad Iqram Mohamad Noor|Inspirasi|2021|sastramelayu
330|Duhai Hati Berbahagialah!|Ustaz Ahmad Dusuki Abd Rani|Inspirasi|2021|sastramelayu
331|200 Tip Keluarga Bahagia Gaya Rasulullah|Nur Kamilia Naaimah binti Nordin|Inspirasi|2021|sastramelayu
332|200 Tip Mudah dan Rajin Solat Gaya Rasulullah|Nor Aniza Mad Azeri|Inspirasi|2020|sastramelayu
333|Panduan Mudah dan Praktikal Urus Jenazah|Nik Muhammad Adib Asmadi|Inspirasi|2021|sastramelayu
334|Kau Sembah Apa? Part 2|Ahmad Iqram Mohamad Noor|Inspirasi|2021|sastramelayu
335|Hidup ini Pilihan|Parlindungan Marpaung|Inspirasi|2021|sastramelayu
336|Tampil Positif Sejak Remaja|RUZAIN SYUKUR B MANSOR|Inspirasi|2021|sastramelayu
337|10 Tokoh Usahawan Muslimah|Sakinah Salleh|Inspirasi|2021|sastramelayu
338|Seni Bercakap-cakap & Berbual-bual|Abdullah Hassan|Novel|2015|sastramelayu
339|"Aisyah Ummul Mukminin Keanggunan Sejati"|Sulaiman an-Nadawi|Inspirasi|2021|sastramelayu
340|365 Tip Didik Anak Remaja Gaya Rasulullah|Ustazah Isfadiah Mohd Dasuki|Inspirasi|2021|sastramelayu
341|Nota Kasih Smart Parents|Ibu Rose|Inspirasi|2021|sastramelayu
342|"Tuhan Aku Kembali"|Sham Kamikaze|Inspirasi|2021|sastramelayu
343|Malaikat Bertali Leher|Amirul Azmeer Asmadi|Inspirasi|2021|sastramelayu
344|Panduan Menulis Novel: Teknik Surah Yusuf|Ainon Mohd|Inspirasi|2020|sastramelayu
345|50 Tip Motivasi Haji & Umrah|Muhd Kamil Ibrahim|Inspirasi|2021|sastramelayu
346|Motivasi Gaya Rasulullah|Mohd Khairul Nizam|Inspirasi|2021|sastramelayu
347|Guru Pemimpin 360 Darjah|Khuzaimah Sulaiman|Inspirasi|2020|sastramelayu
348|Untuk Kita Pendosa|Hilal Asyraf|Inspirasi|2021|sastramelayu
349|"Setengah Berisi Setengah Kosong?"|Parlindungan Marpaung|Novel|2015|sastramelayu
350|Mencari Makna Hidup|Parlindungan Marpaung|Inspirasi|2020|sastramelayu
351|Mendorong Diri Sendiri|Abdullah Hassan|Inspirasi|2021|sastramelayu
352|55 Petua Seronok Bekerja|Mohd Fadzilah Kamsah|Novel|2021|sastramelayu
353|Mereka yang Harum di Langit|Ustaz Nazmi Karim|Sejarah|2021|sastramelayu
354|Inspirasi Murabbi|Ustazah Datuk Dr. Norhafizah Musa|Inspirasi|2021|sastramelayu
355|Magnet Diri - Edisi Kemas Kini|Amin Idris|Inspirasi|2021|sastramelayu
356|Psikologi Orang Berjaya|Ainon Mohd.|Inspirasi|2021|sastramelayu
357|Hartanah Barakah|Ahmad Husni Abd Rahman|Inspirasi|2021|sastramelayu
358|Adab Berdamping dengan Al-Quran|Imam An-Nawawi|Inspirasi|2021|sastramelayu
359|7 Keajaiban Diet Rasulullah s.a.w.|Muhd Hamiduddin bin Ahmad|Inspirasi|2021|sastramelayu
360|40 Kisah yang Membuatkan Nabi Ketawa Berdasarkan Hadith Sahih|Mustafar Mohd Suki|Sejarah|2021|sastramelayu
361|"Hendak Seribu Daya Tak Nak Seribu Dalih"|Maslina Yusoff|Cerpen|2021|sastramelayu
362|Tidak Lama Dahulu|Yusof Ismail|Cerpen|2021|sastramelayu
363|Gajah Sejati|Yusof Ismail|Cerpen|2021|sastramelayu
364|Bagaimana Acuan Begitulah Kuihnya|Maslina Yusoff|Cerpen|2021|sastramelayu
365|Patah Tumbuh Hilang Berganti|Maslina Yusoff|Cerpen|2021|sastramelayu
366|Bergurau Pun Tak Boleh?|Ida Zuriani|Cerpen|2021|sastramelayu
367|Siri Bencana Alam: Banjir|Sarimah Haji|Cerpen|2021|sastramelayu
368|Saya Nak Gajah!|Ida Zuraini|Cerpen|2021|sastramelayu
369|Bisingnya!|Nur Humairah Suleman|Cerpen|2021|sastramelayu
370|Sang Kancil Becomes A Judge|Rahimidin Zahari|Cerpen|2021|sastramelayu
371|Demang Lebar Daun|Abdullah Basmeh|Cerpen|2021|sastramelayu
372|Bongkar Seni Memikat Pelanggan|Shah Othman|Inspirasi|2021|sastramelayu
373|Kembara Motivator Muda|Farhaan Rahmat|Inspirasi|2021|sastramelayu
374|Pelaburan Hartanah Tanpa Modal|Saufi Karim|Inspirasi|2015|sastramelayu
375|Selamatkan Duit Anda Daripada Format Komputer Di Kedai|Fadhlan Hilmi|Inspirasi|2017|sastramelayu
376|"Buat Duit Dengan Menulis Ebook: 12 Langkah Tulis Terbit dan Jual Sendiri Ebook Anda"|Yusni Yussof|Inspirasi|2019|sastramelayu
377|PENTERNAKAN AYAM PENELUR (Edisi Kedua)|Abd. Rahman Mohd. Yasin|Inspirasi|2021|sastramelayu
378|MANUAL TEKNOLOGI PENGHASILAN MINUMAN RINGAN|Hamdzah A. Rahman|Novel|2021|sastramelayu
379|PERUSAHAAN MEMPROSES KARIPAP SEGERA|Samsudin Ahmad|Inspirasi|2021|sastramelayu
380|PENANAMAN SAYURAN SECARA ORGANIK DI MALAYSIA|Illani Zuraihah Ibrahim|Inspirasi|2021|sastramelayu
381|Siri Usahawan Tani-Tanaman Cendawan|Nasnan Jajuli|Inspirasi|2020|sastramelayu
382|Memulakan Bisnes Sendiri|Ainon Mohd.|Inspirasi|2015|sastramelayu
383|Halangan Pembangunan Pintar|Khadijah Hussin|Inspirasi|2021|sastramelayu
384|Pekerja Industri - Isu & Teknik Penyelesaiannya|Hamdan Abd. Kadir|Inspirasi|2021|sastramelayu
385|Pembangunan Organisasi Pendidikan|Mohamad Najib Abdul Ghafar|Inspirasi|2021|sastramelayu
386|"Menyingkap Rahsia Merungkai Mitos. Peteri: Kesenian Terapi Psikologi"|LIM SWEE TIN|Inspirasi|2021|sastramelayu
387|Mengurus Konflik Gaya Streetsmart|Zamri Mohamad|Inspirasi|2021|sastramelayu
388|Rahsia Melabur dalam Unit Amanah|Sunthara Segar|Inspirasi|2016|sastramelayu
389|Budaya Usahawan Berjaya|Buerah Tunggak|Inspirasi|2021|sastramelayu
390|Universiti Cemerlang Menjana Kesejahteraan Sejagat|WAHID OMAR|Inspirasi|2021|sastramelayu
391|Makan Gaji tetapi Kaya|Shamsuddin Abdul Kadir|Inspirasi|2017|sastramelayu
392|Rancang Wang Dari Sekarang|pakdi|Inspirasi|2021|sastramelayu
393|Personaliti dan Kerohanian : USAHAWAN BERJAYA|MOHD ZAIN BIN MUBARAK|Inspirasi|2021|sastramelayu
394|Perutusan Tahun Baru Naib Canselor 2011 : Menjana Minda Kreatif Inovatif|Zaini Ujang|Inspirasi|2021|sastramelayu
395|Gaya Kepimpinan Di Tempat Kerja|Abdullah Hassan|Inspirasi|2021|sastramelayu
396|11 Teori dan Prinsip Motivasi di Tempat Kerja|Abdullah Hassan|Inspirasi|2021|sastramelayu
397|Bakat & Kemahiran Memimpin|Abdullah Hassan|Inspirasi|2019|sastramelayu
398|Rahsia Mengurus Insurans Hayat|Sunthara Segar|Inspirasi|2019|sastramelayu
399|Resipi Kejayaan Untuk Pembimbing Rakan Sebaya|Ahmad Fadzli Yusof|Inspirasi|2021|sastramelayu
400|Kuasai Dunia dengan Berfikir|Ainon Mohd|Inspirasi|2021|sastramelayu
401|Kemampanan Ekonomi Luar Bandar|Mohd Zaki Bahrudin|Inspirasi|2021|sastramelayu
402|Memacu Kegemilangan Pendidikan Tinggi Berpaksikan Kemanusiaan|WAHID OMAR|Inspirasi|2021|sastramelayu
403|Tatacara Operasi Piawai (TOP) Ternakan Ikan Keli|Lee Seong Wei|Inspirasi|2021|sastramelayu
404|Hidup Tenang Walaupun Berhutang|Shamsuddin Abdul Kadir|Inspirasi|2021|sastramelayu
405|200 Tip Menjadi Usahawan Kaya Iman Gaya Rasulullah|Nur Hanan Mardhiah Ghazali|Inspirasi|2021|sastramelayu
406|TERNAKAN KATAK KUAK|Lee Seong Wei|Inspirasi|2021|sastramelayu
407|RANCANGAN PERNIAGAAN UNTUK KEUSAHAWANAN|MOHD NOR HAKIMIN BIN YUSOFF|Inspirasi|2021|sastramelayu
408|TERNAKAN KETAM NIPAH|Lee Seong Wei|Inspirasi|2021|sastramelayu
409|Beres Bos: Tip Mengurus Rutin Harian Pejabat|Samsudin Wahab|Inspirasi|2021|sastramelayu
410|30 Strategi Membina Pengaruh|Zamri Mohamad|Inspirasi|2020|sastramelayu
411|Mentor Efektif|Salhah Abdullah|Inspirasi|2021|sastramelayu
412|Rahsia Jutawan Islam: Abdul Rahman Bin Auf|Aizuddinur Hj Zakaria|Inspirasi|2020|sastramelayu
413|Rahsia Bisnes Isteri Nabi: Khadijah|Ashadi Zain|Sejarah|2021|sastramelayu
414|Panduan Bisnes Mudah|Umar Taib|Inspirasi|2014|sastramelayu
415|Urus Wang Semasa Gawat|Sunthara Segar|Inspirasi|2021|sastramelayu
416|Mudahnya Bisnes dengan Blogshop|Zamri Mohamad|Inspirasi|2021|sastramelayu
417|Anak Muda Bebas Hutang|Dr. Haji Badrul Hisham Mohd Yusoff|Inspirasi|2021|sastramelayu
418|"400 Adab Menjadi Pekerja Yang Disayangi Bos Misi Masuk Syurga"|Tengku Nusaibah|Inspirasi|2021|sastramelayu
419|Buat Beats Buat Duit|DJ Fuzz|Inspirasi|2021|sastramelayu
420|Rahsia Bisnes Orang Korea|Ann Wan Seng|Inspirasi|2021|sastramelayu
421|Cari Duit Cara Mudah Sebagai Penulis Bebas|Zamri Mohamad|Inspirasi|2020|sastramelayu
422|Buat Duit Dengan Salun|Mahsuri Ayu|Inspirasi|2021|sastramelayu
423|Buat Duit dengan YouTube|Illani Zuraihah Ibrahim|Inspirasi|2021|sastramelayu
424|PERHAMBAAN POLITIK|BOTAK|Inspirasi|2021|sastramelayu
425|AKU.DIA.DUNIA|Amir Amin Halim|Novel|2021|sastramelayu
426|AKU MANUSIA BERDOSA Koleksi Skrip Teater dan Filem Pendek|Nur Ahmad|Novel|2021|sastramelayu
427|MALANG|Nabil Latib|Novel|2019|sastramelayu
428|JAHAT|Syafiq Ghazali|Novel|2021|sastramelayu
429|3 Malam|Cempaka Aludra S Faizal Tasnim Halil|Novel|2021|sastramelayu
430|"HARUS HALAL ATAU HARAM"|OCHA VOZVYSHENNYY|Novel|2021|sastramelayu
431|Segitiga|Deefen|Novel|2019|sastramelayu
432|ASRAMA|Muhammad Fatrim|Novel|2016|sastramelayu
433|TELAGA|Khairi Mohd|Novel|2021|sastramelayu
434|TENGGEK|Anas Mohd|Novel|2021|sastramelayu
435|Anarkis|Khairul Nizam Khairani|Novel|2017|sastramelayu
436|PSIKIK|Husna Rosli|Novel|2021|sastramelayu
437|PARUT|Ada Haris|Novel|2019|sastramelayu
438|Kelabu|Nadia Khan|Novel|2017|sastramelayu
439|Eksistensi|Lokman Hakim|Novel|2021|sastramelayu
440|BELANTARA|Simon Malik|Novel|2021|sastramelayu
441|TOKSIK|Afiq Abruzzi|Novel|2019|sastramelayu
442|PADAM|Ibrahim Jama Huri|Novel|2020|sastramelayu
443|BERANG|Nazrul Kama|Novel|2021|sastramelayu
444|PUAKA|Sahidzan Salleh|Novel|2021|sastramelayu
445|MANUSKRIP|Rez Khael|Novel|2021|sastramelayu
446|ASRAMA: 2|Muhammad Fatrim|Novel|2017|sastramelayu
447|LANGKAH|Dayang Noor|Novel|2021|sastramelayu
448|DIHANTU|Mikael Sahaja|Novel|2021|sastramelayu
449|PONTENG|Mim Jamil|Novel|2021|sastramelayu
450|BURUAN|Aiman Hazziq|Novel|2021|sastramelayu
451|BANGKIT|Appy Mohd Hapizan|Novel|2021|sastramelayu
452|DELIMA|Regina Ibrahim|Novel|2021|sastramelayu
453|MEREKA|Ariff Adly|Novel|2021|sastramelayu
454|LAKNAT|Fahmi Mustaffa|Novel|2021|sastramelayu
455|BONGKAR|Faizal Sulaiman|Novel|2021|sastramelayu
456|Trilogi Murtad #1: MURTAD|Hasrul Rizwan|Novel|2020|sastramelayu
457|NOTA|Shaz Johar|Novel|2021|sastramelayu
458|PAKAR|Nadia Khan|Novel|2019|sastramelayu
459|Trilogi Ngeri #1: NGERI|Gina Yap Lai Yoong|Novel|2019|sastramelayu
460|Trilogi Bisik #1: Bisik|Syaihan Syafiq|Novel|2021|sastramelayu
461|PATUNG|Muhammad Fatrim|Novel|2021|sastramelayu
462|LAWAN|Khairul Nizam Khairani|Novel|2017|sastramelayu
463|SANTET|Saat Omar|Novel|2018|sastramelayu
464|PARANORMAL|Hani Suraya|Novel|2018|sastramelayu
465|MENTAL|Shaz Johar|Novel|2019|sastramelayu
466|KOTA|Kamalia|Novel|2020|sastramelayu
467|SAMAR|Dayang Noor|Novel|2019|sastramelayu
468|SERONOK|Saat Omar|Novel|2021|sastramelayu
469|SUSPEK|Inawza Yusof|Novel|2015|sastramelayu
470|PECAH|Khairulnizam Bakeri|Novel|2021|sastramelayu
471|GANTUNG|Nadia Khan|Novel|2014|sastramelayu
472|DENDAM|Affifudin Omar|Novel|2021|sastramelayu
473|JERAT|Dayang Noor|Novel|2020|sastramelayu
474|Ini Buku Seram|Resmanshah|Novel|2020|sastramelayu
475|Mek Siah|Izam Nor|Novel|2021|sastramelayu
476|MATA GHAIB - SIRI 1|UJA HAMZA|Novel|2020|sastramelayu
477|Projek Seram - Kem|Maria Kajiwa|Novel|2021|sastramelayu
478|Rahsia Diari Merah|Iman Fadia|Novel|2019|sastramelayu
479|Jurig Jarian|Prayudi Q|Novel|2019|sastramelayu
480|PIJAMA|Rahim Ramli|Novel|2018|sastramelayu
481|Suami Tanpa Cinta|Syamnuriezmil|Romance|2018|sastramelayu
482|Pencuri Hati Vs Penembak Cinta|Ailah Diela|Romance|2015|sastramelayu
483|Setulus Janji|Aina Emir|Romance|2021|sastramelayu
484|Seindah Takdir Cinta|Kamsiah Abu|Romance|2018|sastramelayu
485|Awak Sangat Nakal!|Syamnuriezmil|Romance|2016|sastramelayu
486|Budak SMART|Ilmar Imia|Novel|2021|sastramelayu
487|Terima Kasih Cinta|Aisya Sofea|Romance|2017|sastramelayu
488|Kompilasi cerpen: Pelangi selepas Hujan|Umi Kalsom|Cerpen|2021|sastramelayu
489|Dear Ustaz Will You Marry Me|Ameera Ameer|Novel|2021|sastramelayu
490|Mr Right Untuk Aku|Sara Kyoko|Novel|2020|sastramelayu
491|Benci/Cinta Awak Budak Nakal|Qaseh Farina|Novel|2021|sastramelayu
492|Opss Terpikat Cik Sombong|Cici Aida|Novel|2020|sastramelayu
493|Cinta Han Dan Nad|Jaja Ahmad|Novel|2021|sastramelayu
494|Pakej Cinta Kombo|Dhiyana|Novel|2020|sastramelayu
495|"UWAIZ ENGKAU YANG AKU CINTA"|ANITHSYA|Novel|2021|sastramelayu
496|TUAN BEN|Nuriffa|Novel|2020|sastramelayu
497|ANAK CIKGU TIMAH MASUK KAMPUNG|NAJWA RAHMAN|Novel|2021|sastramelayu
498|BIDADARI BUAT LUQMAN|Azwari|Novel|2020|sastramelayu
499|Kau Untukku 2020|Aisya Sofea|Novel|2021|sastramelayu
500|CALON ISTERI JUTAWAN|Nuriffa|Novel|2020|sastramelayu
501|ISTERI PILIHAN DIA|Nuriffa|Romance|2020|sastramelayu
502|Makmum Yang Tertinggal|Razlina Azura|Romance|2020|sastramelayu
503|Pejuang Cinta|Cik Bawang|Romance|2021|sastramelayu
504|Jika Aku|Anna Lee|Novel|2021|sastramelayu
505|Kimchi Untuk Awak|Suri Ryana|Romance|2019|sastramelayu
506|"Alahai Mat Salih!"|Zan Zarida|Romance|2019|sastramelayu
507|Penceroboh Hati|Dekna Lee|Novel|2020|sastramelayu
508|Syarat Yang Ke-3|EFFJAY|Novel|2020|sastramelayu
509|Mahkota Seorang Playboy|AII FARIZA|Novel|2021|sastramelayu
510|Bila Lagu Cinta Bergema|Wardina Aisyah|Romance|2016|sastramelayu
511|Pengantin Tangkap Muat|Dhiyana|Novel|2018|sastramelayu
512|Si Pencuri Hati|Dayana Darwisy|Romance|2019|sastramelayu
513|Salju Cinta Anna|Aida Adriana|Romance|2020|sastramelayu
514|Ujian Untuk Bahagia|Cik Tet|Romance|2018|sastramelayu
515|Aku Ada|EFFJAY|Novel|2019|sastramelayu
516|PIAH DI HATI MR BEKU|MIA AZWARI|Novel|2020|sastramelayu
517|"Aiseyman Driver Aje!"|Arasharrina|Novel|2016|sastramelayu
1|Kakawin Nagarakretagama|Empu Prapañca|Sejarah|2014|sastrajawa
2|Kakawin Arjunawijaya|Empu Tantular|Sejarah|2010|sastrajawa
3|Kisah Tanah Jawa: Jagat Lelembut|Dapoer Tjerita|Horor|2019|sastrajawa
4|Pitutur Wong Jawa: Belajar Bijak Ala Orang Jawa|Asti Musman|Inspiratif|2021|sastrajawa
5|Nrimo Ing Pandum: Cara Berbahagia Ala Orang Jawa|Asti Musman|Sejarah|2021|sastrajawa
6|Babad Demak: sejarah perkembangan Islam di tanah Jawa|Maharsi Purwadi|Sejarah|2005|sastrajawa
7|Rambulan Secuwil|Irul S. Budianto|Fiksi|2014|sastrajawa
8|Godhong Suruh Temu Rose|Sugito HS|Fiksi|2011|sastrajawa
9|Mak Ana Asu Mlebu  Ngomah|Andy Sri Wahyudi|Fiksi|2014|sastrajawa
10|Layange Sinta Marang Rama|Sugito HS|Puisi|2010|sastrajawa
11|Babad Tanah Jawi|Ngabehi Ketrapradja|Fiksi|2014|sastrajawa
12|Babad Ki Ageng Mangir|Dr. Purwadi|Sejarah|2014|sastrajawa
13|Kakawin Sutasoma|Mpu Tantular|Sejarah|1975|sastrajawa
14|Kuñjarakarna|Mpu Dusun|Fiksi|1989|sastrajawa
15|Kakawin Hariwangsa|Empu Panuluh|Fiksi|2021|sastrajawa
16|Serat Cebolek|Ashar S|Sejarah|1989|sastrajawa
17|Kakawin Smaradahana|Mpu Dharmaja|Sejarah|2021|sastrajawa
18|Serat Centhini|R. Ng. Ranggasutrasna|Sejarah|1982|sastrajawa
19|Sang Hyang Kamahayanikan|Mpu Shri Sambhara Surya Warama|Sejarah|2021|sastrajawa
20|Wirataparwa|Byasa|Fiksi|2010|sastrajawa
21|Serat suluk saha wirid para wali ing tanah Jawi|Pangeran ing Benang |Sejarah|1928|sastrajawa
22|Kalangwan|Petrus Josephus Zoetmulder|Sejarah|1974|sastrajawa
23|Mosalaparwa|Byasa|Fiksi|2003|sastrajawa
24|Swargarohanaparwa|Byasa|Fiksi|2003|sastrajawa
25|Sabhaparwa|Byasa|Fiksi|1907|sastrajawa
26|Prasthanikaparwa|Byasa|fiksi|2010|sastrajawa
27|Muryalelana|Tirto Suwondo|Fiksi|2005|sastrajawa
28|Manunggaling Kawula Gusti |Petrus Josephus Zoetmulder|Sejarah|1991|sastrajawa
29|Uttarakanda|Ashia Sattar|Sejarah|2010|sastrajawa
30|Suwung|Setyo Hajar Dewantoro|Sejarah|2017|sastrajawa
31|Bateljemur Adammakna|Cokroningrat|Sejarah|1994|sastrajawa
32|Darmagandhul|Damar Shashangka|Sejarah|2011|sastrajawa
33|Sabda Palon|Damar Shashangka|Sejarah|2011|sastrajawa
34|Mistik Kejawen|Suwardi Endraswara|Sejarah|2003|sastrajawa
35|Ramayana|Yogiswara|Sejarah|2014|sastrajawa
36|Arjunawiwaha|Mpu Kanwa|Sejarah|1030|sastrajawa
37|Hariwangsa|Mpu Panuluh|Sejarah|2009|sastrajawa
38|Bharatayuddha|Mpu Sedah dan Panuluh|Sejarah|2007|sastrajawa
39|Gatotkacasraya|Mpu Panuluh|Sejarah|2009|sastrajawa
40|Kresnayana|Mpu Panuluh|Sejarah|2010|sastrajawa
41|Smaradahana|Mpu Dharmaja|Sejarah|2013|sastrajawa
42|Arjunawijaya|Mpu Tantular|Sejarah|1019|sastrajawa
43|Sutasoma|Mpu Tantular|Sejarah|1365|sastrajawa
44|Nagarakrtagama|Mpu Prapanca|Sejarah|1365|sastrajawa
45|lubdaka/Siwaratrikalpa|Mpu Tanakung|Sejarah|1982|sastrajawa
46|Kidung Harsawijaya| Raden Wijaya|Sejarah|1293|sastrajawa
47|Kidung Ranggalawe|P.J. Zoetmulder|Fiksi|1540|sastrajawa
48|Kidung Sorandaka|P.J. Zoetmulder|Fiksi|1928|sastrajawa
49|Kidung Sunda|P.J. Zoetmulder|Fiksi|1927|sastrajawa
50|Wangbang Wideya|S. O. Robson|Sejarah|1792|sastrajawa
51|Sri Tanjung|R. Iskandar|Sejarah|1977|sastrajawa
52|Babad Pajajaran|Pangeran Adilangu|Sejarah|1985|sastrajawa
53|Babad Demak|Pangeran Adilangu|Sejarah|1981|sastrajawa
54|Babad Mentawis|Pangeran Adilangu|Sejarah|1979|sastrajawa
55|Babad Kartasura|Carik Bajra|Sejarah|1978|sastrajawa
56|Babad Tanah Jawi|Carik Bajra|Sejarah|2007|sastrajawa
57|Tajusalatin|Raden Ngabehi Yasadipura I|Sejarah|1729|sastrajawa
58|Babad Giyanti|Raden Ngabehi Yasadipura I|Fiksi|1729|sastrajawa
59|Sewaka|Raden Ngabehi Yasadipura I|Fiksi|1729|sastrajawa
60|Ambiya|Raden Ngabehi Yasadipura I|Fiksi|1729|sastrajawa
61|Menak|Raden Ngabehi Yasadipura I|Fiksi|1729|sastrajawa
62|Baratayuda (jarwa)|Raden Ngabehi Yasadipura I|Fiksi|1729|sastrajawa
63|Babad Prayut|Raden Ngabehi Yasadipura I|Fiksi|1729|sastrajawa
64|Cebolek|Raden Ngabehi Yasadipura I|Fiksi|1803|sastrajawa
65|Arjunawiwaha (jarwa)|Raden Ngabehi Yasadipura I|Fiksi|1803|sastrajawa
66|Arjunasasrabahu (jarwa)|Raden Ngabehi Yasadipura I|Fiksi|1803|sastrajawa
67|Rama (jarwa)|Raden Ngabehi Yasadipura I|Sejarah|1803|sastrajawa
68|Panitisastra (Kawi Miring)|Raden Ngabehi Yasadipura I|Sejarah|1803|sastrajawa
69|Dewa Ruci (jarwa)|Raden Ngabehi Yasadipura I|Sejarah|1803|sastrajawa
70|Babad Pakepung|Raden Ngabehi Yasadipura I|Sejarah|1803|sastrajawa
71|Serat Arjunasasra|Raden Ngabehi Yasadipura II|Sejarah|1992|sastrajawa
72|Serat Darmasunya|Raden Ngabehi Yasadipura II|Sejarah|1992|sastrajawa
73|Serat Panitisastra|Raden Ngabehi Yasadipura II|Sejarah|1992|sastrajawa
74|Serat Kawidasanama|Raden Ngabehi Yasadipura II|Sejarah|1992|sastrajawa
75|Serat Ambiya|Raden Ngabehi Yasadipura II|Sejarah|1992|sastrajawa
76|Serat Musa|Raden Ngabehi Yasadipura II|Sejarah|1992|sastrajawa
77|Serat Sasana Sunu|Raden Ngabehi Yasadipura II|Sejarah|1992|sastrajawa
78|Babad Pakepung|Raden Ngabehi Yasadipura II|Sejarah|1893|sastrajawa
79|Serat Wicara Keras|Raden Ngabehi Yasadipura II|Sejarah|1823|sastrajawa
80|Serat Centhini|Raden Ngabehi Yasadipura II|Sejarah|1992|sastrajawa
81|Serat Kalatidha|Raden Ngabehi Ranggawarsita|Puisi|1931|sastrajawa
82|Serat Jaka Lodhang|Raden Ngabehi Ranggawarsita|Puisi|1932|sastrajawa
83|Serat Sabdajati|Raden Ngabehi Ranggawarsita|Puisi|1934|sastrajawa
84|Serat Wirid Hidayat Jati|Raden Ngabehi Ranggawarsita|Puisi|1954|sastrajawa
85|Serat Pustakaraja Purwa|Raden Ngabehi Ranggawarsita|Puisi|1993|sastrajawa
86|Serat Jayengbaya|Raden Ngabehi Ranggawarsita|Puisi|1980|sastrajawa
87|Cariyos Kekesahan Saking Tanah Jawi Dhateng Nagari Welandi|RMA Suryasuparta|Fiksi|1920|sastrajawa
88|Wong mardika kang kang marsudi kasusastran Jawa|Imam Supardi|Sejarah|1975|sastrajawa
89|Rangsang Tuban|Ki Padmosusastra|Sejarah|1984|sastrajawa
90|Layang Madubasa|Ki Padmosusastra|Sejarah|1981|sastrajawa
91|Serat Pathibasa|Ki Padmosusastra|Sejarah|1987|sastrajawa
92|Serat Riyanto|RM Sulardi|Sejarah|1920|sastrajawa
93|Sandhal Jinjit Ing Sekaten Sala|Sri Susinah|Sejarah|1935|sastrajawa
94|Netepi Kuwajiban|Sambo|Sejarah|1935|sastrajawa
95|Dayaning Sastra|R. Intoyo|Sejarah|1941|sastrajawa
96|Uttarakanda|Dharmawangsa Teguh|Prosa|2006|sastrajawa
97|Brahmandapur|Sang Hyang Kamahayanikan|Prosa|1993|sastrajawa
98|Agastyaparwa|Drs I Gede Sura|Prosa|2006|sastrajawa
99|Babad Dipenegoro I|Diponegoro|Sejarah|2012|sastrajawa
100|Babad Diponegoro III|Diponegoro|Sejarah|2012|sastrajawa
101|Serat Jatimurti|Joko Siswanto|Sejarah|2014|sastrajawa
102|Serat Madurasa|Pujo Prayitno|Sejarah|1995|sastrajawa
103|Wedharama Winardi|Sri Mangkunegara |Sejarah|1928|sastrajawa
104|Talijiwo|Sujiwo Tejo|Novel|2018|sastrajawa
105|Ngawur karena benar|Sujiwo Tejo|Novel|2012|sastrajawa
106|Senandung Talijiwo|Sujiwo Tejo|Novel|2019|sastrajawa
107|Dalang edan|Sujiwo Tejo|Novel|2002|sastrajawa
108|Tembang talijiwo: cinta harga hidup rindu mematikannya|Sujiwo Tejo|Novel|2020|sastrajawa
109|Serat Tripama: gugur cinta di Maespati|Sujiwo Tejo|Novel|2016|sastrajawa
110|Sabdo cinta angon kasih|Sujiwo Tejo|Novel|2018|sastrajawa
111|Dalang galau ngetwit|Sujiwo Tejo|Novel|2013|sastrajawa
112|Balada Gathak Gathuk|Sujiwo Tejo|Novel|2016|sastrajawa
113|Swarganing Budi Ayu|Ardjasoeparta|Novel|1923|sastrajawa
114|Kidung Awang-Uwung|Akhmad Nugroho|Puisi|1983|sastrajawa
115|Lintang-Lintang Ambyor|Akhmad Nugroho|Puisi|1983|sastrajawa
116|Pangilon|Akhmad Nugroho|Puisi|1994|sastrajawa
117|Angin sumilir|Suripan Sadi Hutomo|Puisi|1988|sastrajawa
118|Cerita kentrung Sarahwulan di Tuban|Suripan Sadi Hutomo|Cerpen|1993|sastrajawa
119|Nresnani Andheng- Andheng|Ardian Syamsuddin|Puisi|1973|sastrajawa
120|Isih Ana Dina Esuk|Ardini Pangastuti|Cerpen|1988|sastrajawa
121|Langit Perak ing Ndhuwur Nusa Dua|Ardini Pangastuti|Cerpen|1990|sastrajawa
122|Nalika Prau Gonjing|Ardini Pangastuti|Novel|1993|sastrajawa
123|Garising Papesthen|Ardini Pangastuti|Cerpen|1997|sastrajawa
124|Nalika Srengenge Durung Angslup|Ardini Pangastuti|Cerpen|1997|sastrajawa
125|Kidung Jaman|Ardini Pangastuti|Puisi|1999|sastrajawa
126|Sri Kumenyar|Djajasoekarsa|Novel|1938|sastrajawa
127|Koncatan|Djajus Pete|Puisi|1973|sastrajawa
128|Kasetyan|Djajus Pete|Puisi|1974|sastrajawa
129|Prawan|Djajus Pete|Puisi|1975|sastrajawa
130|Panandhang|Djajus Pete|Puisi|1975|sastrajawa
131|Tatus lawas Kambuh Maneh|Djajus Pete|Cerpen|1971|sastrajawa
132|Baladewa Ilang gapite|Djajus Pete|Cerpen|1972|sastrajawa
133|Antinen Sawatara Dina|Djajus Pete|Cerpen|1974|sastrajawa
134|Mancing|Djajus Pete|Cerpen|1975|sastrajawa
135|Balada Brajangkawat|Suwito Hadi|Puisi|1990|sastrajawa
136|Balada Tukang Kentrung|Suwito Hadi|Puisi|1987|sastrajawa
137|Balada Ragapadmi|Suwito Hadi|Puisi|1987|sastrajawa
138|Elegi Panijah|Suwito Hadi|Puisi|1986|sastrajawa
139|Panjine Man|Suwito Hadi|Puisi|1990|sastrajawa
140|Lamaran|Suwito Hadi|Puisi|1992|sastrajawa
141|Samirah|Suwito Hadi|Puisi|1992|sastrajawa
142|Gethek Siti Jenar|Suwito Hadi|Puisi|1994|sastrajawa
143|Dadi Lakon|Suwito Hadi|Puisi|1994|sastrajawa
144|Sepatu Tuwa|Suwito Hadi|Puisi|1994|sastrajawa
145|Lampu Oblik|Suwito Hadi|Puisi|1995|sastrajawa
146|Kinange Buyut Sorah|Suwito Hadi|Puisi|1995|sastrajawa
147|Aku Dadi Dasamuka|Suwito Hadi|Puisi|1996|sastrajawa
148|Stambul Wonokromo|Suwito Hadi|Puisi|1996|sastrajawa
149|Balada Sawunggaling|Suwito Hadi|Puisi|1998|sastrajawa
150|Pitenah Kembang Mlath|Suwito Hadi|Puisi|1998|sastrajawa
151|Simbok Udane Wis Teka|Suwito Hadi|Puisi|1998|sastrajawa
152|Hujan Jum'at Legi|Suwito Hadi|Puisi|1998|sastrajawa
153|Wengi|Hartono Kadarsono|Puisi|1963|sastrajawa
154|Pethilan|Hartono Kadarsono|Puisi|1964|sastrajawa
155|Penyair|Hartono Kadarsono|Puisi|1966|sastrajawa
156|Prawan Tua|Hartono Kadarsono|Puisi|1968|sastrajawa
157|Cuwilan|Hartono Kadarsono|Puisi|1975|sastrajawa
158|Potret Jaman Saiki|Hartono Kadarsono|Puisi|1977|sastrajawa
159|Ing Pucuk-Pucuk Wengi|Hartono Kadarsono|Puisi|1983|sastrajawa
160|Angendanu|Hartono Kadarsono|Puisi|1987|sastrajawa
161|Ing Staisun|Hartono Kadarsono|Puisi|1998|sastrajawa
162|Saka Pusara|Hartono Kadarsono|Puisi|2000|sastrajawa
163|Guritan|Basoeki Rachmat|Puisi|1963|sastrajawa
164|Paman Tani|Basoeki Rachmat|Puisi|1963|sastrajawa
165|Tembang Prawan Ngancik Dewasa|Basoeki Rachmat|Puisi|1963|sastrajawa
166|Bali|Basoeki Rachmat|Cerpen|1954|sastrajawa
167|Wiwit Donya Ana|Harwimuka|Puisi|1979|sastrajawa
168|Dhokterku|Harwimuka|Puisi|1980|sastrajawa
169|Jam Jaman Jam dan Duplikat|Harwimuka|Puisi|1989|sastrajawa
170|gambah Dalan Padhang|Harwimuka|Puisi|1995|sastrajawa
171|Ilinge Sunar|Harwimuka|Cerpen|1982|sastrajawa
172|Trubus saka Pang Garing|Harwimuka|Cerpen|1983|sastrajawa
173|Traktiran Setan|Harwimuka|Cerpen|1986|sastrajawa
174|Kirti Njunjung Drajat|Jasawidagda|Novel|1924|sastrajawa
175|Bocah Mangkoenegaran|Jasawidagda|Novel|1930|sastrajawa
176|Gawaning Wawetekan|Koesoemadigda|Novel|1929|sastrajawa
177|Begja kang Ambegjakake|Poerwadhie Atmodihardjo|Cerpen|1944|sastrajawa
178|Tanggap lan Tandang ing Garis Wingking|Poerwadhie Atmodihardjo|Cerpen|1944|sastrajawa
179|Kebuka Atine|Poerwadhie Atmodihardjo|Cerpen|1944|sastrajawa
180|Ndadar Angga|Poerwadhie Atmodihardjo|Cerpen|1944|sastrajawa
181|Heiho Sadikun|Poerwadhie Atmodihardjo|Cerpen|1944|sastrajawa
182|Sumbangsih ingkang Tanpa Upami|Poerwadhie Atmodihardjo|Cerpen|1944|sastrajawa
183|Dayana Prahara|Poerwadhie Atmodihardjo|Cerpen|1944|sastrajawa
184|Pengalang-alange Kekarepan|Poerwadhie Atmodihardjo|Cerpen|1952|sastrajawa
185|Marga Mas Harja Lara|Poerwadhie Atmodihardjo|Cerpen|1953|sastrajawa
186|Lha Apa Ana|Poerwadhie Atmodihardjo|Cerpen|1953|sastrajawa
187|Kesandhung ing Rata |Poerwadhie Atmodihardjo|Cerpen|1954|sastrajawa
188|Kembang Kanthil |Poerwadhie Atmodihardjo|Cerpen|1955|sastrajawa
189|Jangka lan Jangkah|Poerwadhie Atmodihardjo|Cerpen|1955|sastrajawa
190|Ngrungkebi Keyakinan|Poerwadhie Atmodihardjo|Cerpen|1956|sastrajawa
191|Karampungan Wicaksana|Poerwadhie Atmodihardjo|Cerpen|1957|sastrajawa
192|Tinem |Poerwadhie Atmodihardjo|Cerpen|1957|sastrajawa
193|Wesel Pos|Poerwadhie Atmodihardjo|Cerpen|1981|sastrajawa
194|Luput ing Pandumuk|Poerwadhie Atmodihardjo|Cerpen|1981|sastrajawa
195|Kumandhanging Asmara|Poerwadhie Atmodihardjo|novel|1956|sastrajawa
196|Gumerite Rodha Wesi|Poerwadhie Atmodihardjo|novel|1972|sastrajawa
197|Tumiyunge Ati Mulus|Poerwadhie Atmodihardjo|novel|1968|sastrajawa
198|Sawunggaling |Poerwadhie Atmodihardjo|novel|1953|sastrajawa
199|Gumuk Sandhi|Poerwadhie Atmodihardjo|novel|1954|sastrajawa
200|Karana Sawabing Wibi|Poerwadhie Atmodihardjo|novel|1955|sastrajawa
201|Udan Ngreceh|Poerwadhie Atmodihardjo|novel|1956|sastrajawa
202|Ki Derpayuda |Poerwadhie Atmodihardjo|Sejarah|1960|sastrajawa
203|Sing Menang ing Pucuking Kanisthan |Poerwadhie Atmodihardjo|Sejarah|1961|sastrajawa
204|Paman Tani |Poerwadhie Atmodihardjo|Puisi|1945|sastrajawa
205|Swaraning Asepi |Poerwadhie Atmodihardjo|Puisi|1950|sastrajawa
206|Bandha lan Budi |Poerwadhie Atmodihardjo|Puisi|1952|sastrajawa
207|Pangangen-angen |Poerwadhie Atmodihardjo|Puisi|1953|sastrajawa
208|Amung Siji|Poerwadhie Atmodihardjo|Puisi|1953|sastrajawa
209|Melathi Suci|Poerwadhie Atmodihardjo|Puisi|1956|sastrajawa
210|Paran Marganing Katemu|Poerwadhie Atmodihardjo|Puisi|1963|sastrajawa
211|Nglindur |Poerwadhie Atmodihardjo|Puisi|1983|sastrajawa
212|Stasiun Solo Balapan|Poerwadhie Atmodihardjo|Puisi|1983|sastrajawa
213|Katresnan lan Urip|Poerwadhie Atmodihardjo|Puisi|1983|sastrajawa
214|Manyura|Poerwadhie Atmodihardjo|Puisi|1983|sastrajawa
215|Langite Isih Biru|Sri Setyorahayu|Cerpen|1979|sastrajawa
216|Mawar Putih ing Pojoking Plataran|Sri Setyorahayu|Cerpen|1976|sastrajawa
217|Dak Antu Ing Wengi Iki|Sri Setyorahayu|Puisi|1985|sastrajawa
218|Sugeng Dalu Singaraja|Sri Setyorahayu|Puisi|1985|sastrajawa
219|Lintang-Lintang Abyor|Sri Setyorahayu|Puisi|1983|sastrajawa
220|Kita Ketemu Ing Guritan|Sri Setyorahayu|Puisi|1985|sastrajawa
221|Surat Putih|Sri Setyorahayu|Puisi|1985|sastrajawa
222|Ing Kene Dina Iki ing Sawijining Dina|Sri Setyorahayu|Puisi|1985|sastrajawa
223|Esem|Sri Setyorahayu|Puisi|1985|sastrajawa
224|Kembang Isih Mekar ing Pelataran Kampus|Sri Setyorahayu|Puisi|1985|sastrajawa
225|Saiki Wis Ora Ana Maneh Kembang Tanjung Semi|Sri Setyorahayu|Puisi|1985|sastrajawa
226|Kanggo Sapa|Sri Setyorahayu|Puisi|1985|sastrajawa
227|Layangan|Sri Setyorahayu|Puisi|1985|sastrajawa
228|Layangan|Sri Setyorahayu|Puisi|1985|sastrajawa
229|Rara Jonggrang|Sri Setyorahayu|Puisi|1985|sastrajawa
230|Sugeng Tindak|Sri Setyorahayu|Puisi|1985|sastrajawa
231|Prabayekti|Jefrianto|novel|2017|sastrajawa
232|Aja Sok Ngeyel|Aryo Gendeng |Cerpen|2016|sastrajawa
233|Layange Sinta Marang Rama|Sugito HS|Puisi|2010|sastrajawa
234|Kembang Pasren|Impian Nopitasari|Puisi|2017|sastrajawa
235|Cathetan Kanggo Lintang|Irul S Budianto|Puisi|2018|sastrajawa
236|O Sole Mio|Tik PM|novel|2012|sastrajawa
237|Yen Gajah Dadi Jaran|Aryo Gendeng|Cerpen|2015|sastrajawa
238|Donyane Wong Culika|Suparto Brata|Novel|2004|sastrajawa
239|Lelakone Si Lan Man |Suparto Brata|Cerpen|2005|sastrajawa
240|Dahuru Ing Loji Kepencil |Suparto Brata|novel|2015|sastrajawa
241|Katresnan Kang Angker |Suparto Brata|Cerpen|2014|sastrajawa
242|Kadurakan Ing Kidul Dringu|Suparto Brata|novel|1964|sastrajawa
243|Kidung Langsir Wengi|Suharmono Kajisun|Puisi|1974|sastrajawa
244|Ing Pucuk Gagak Layar Dakcancang Gendera Putih|Suharmono Kajisun|Puisi|1974|sastrajawa
245|Tandong|Suharmono Kajisun|Puisi|1974|sastrajawa
246|Ketudangan|Suharmono Kajisun|Puisi|1974|sastrajawa
247|Doran|Suharmono Kajisun|Puisi|1974|sastrajawa
248|Mitraku|Suharmono Kajisun|Puisi|1974|sastrajawa
249|Wus|Suharmono Kajisun|Puisi|1974|sastrajawa
250|Kidung Kayu Aking|Suharmono Kajisun|Puisi|1974|sastrajawa
251|Wengkar|Suharmono Kajisun|Puisi|1974|sastrajawa
252|Jalatunda|Suharmono Kajisun|Puisi|1974|sastrajawa
253|Guritan Kapang|Suharmono Kajisun|Puisi|1974|sastrajawa
254|Lintang-lintang|Suharmono Kajisun|Puisi|1974|sastrajawa
255|Udan Riwis-riwis Kenya Manis|Suharmono Kajisun|Puisi|1974|sastrajawa
256|Lajnaran|Suharmono Kajisun|Puisi|1974|sastrajawa
257|Dukuh Kupang|Suharmono Kajisun|Puisi|1974|sastrajawa
258|Panguripan|Suharmono Kajisun|Puisi|1974|sastrajawa
259|Pasuruan|Suharmono Kajisun|Puisi|1974|sastrajawa
260|Gerimis|Suharmono Kajisun|Puisi|1980|sastrajawa
261|Kidung Katresnan|Suharmono Kajisun|Cerpen|1986|sastrajawa
262|Guwing|Suharmono Kajisun|Cerpen|1989|sastrajawa
263|Pupus Kang Pepes|Suharmono Kajisun|Cerpen|1991|sastrajawa
264|Edan|Suharmono Kajisun|Cerpen|1997|sastrajawa
265|Keluke Cerobong Pabrik|Suharmono Kajisun|Cerpen|1997|sastrajawa
266|omahku Omah Putih|Suharmono Kajisun|Cerpen|1997|sastrajawa
267|Kidung Kayu Aking|Suharmono Kajisun|Cerpen|2001|sastrajawa
268|Peteng Sing Ireng|Suharmono Kajisun|Cerpen|1973|sastrajawa
269|Sanip Tambak Oso|Suharmono Kajisun|Cerpen|1973|sastrajawa
270|Andheng-andheng Ngisor Lambe|Suharmono Kajisun|Cerpen|1973|sastrajawa
271|Sore Ing Pesisir|Suharmono Kajisun|Cerpen|1973|sastrajawa
272|Tatu-tatu Lawas|Suharmono Kajisun|Cerpen|1973|sastrajawa
273|Sahadewa|Suharmono Kajisun|Cerpen|1973|sastrajawa
274|Warok|Suharmono Kajisun|Cerpen|1973|sastrajawa
275|angga Anyar|Suharmono Kajisun|Cerpen|1973|sastrajawa
276|Kidung Katresnan|Suharmono Kajisun|Cerpen|1986|sastrajawa
277|Gurit Panantang|Widodo Basuki|Puisi|1993|sastrajawa
278|Layang Saka Tlatah Wetan|Widodo Basuki|Puisi|1995|sastrajawa
279|Manjing Djroning Dhisket|Widodo Basuki|Puisi|1995|sastrajawa
280|Rembulane Dahpaser|Widodo Basuki|Puisi|1995|sastrajawa
281|Tembang ing Sungapan|Widodo Basuki|Puisi|1995|sastrajawa
282|Pitakon|Widodo Basuki|Puisi|1995|sastrajawa
283|Jagir Wonokromo Surup Surya|Widodo Basuki|Puisi|2001|sastrajawa
284|Layang Saka Tlatah Sumbreng|Widodo Basuki|Puisi|2001|sastrajawa
285|Pithakon ing Pethit Ombak|Widodo Basuki|Puisi|2001|sastrajawa
286|Nyuwun Praune Anakku|Widodo Basuki|Puisi|2000|sastrajawa
287|Kadurakan ing Kidul Srengenge|Widodo Basuki|Puisi|2000|sastrajawa
288|Tembang Lemah Ngare|Widodo Basuki|Puisi|1996|sastrajawa
289|Bebanteng Majapahit|Widodo Basuki|Puisi|1996|sastrajawa
290|Kadurakan ing Kidung Srengenge|Widodo Basuki|Puisi|1996|sastrajawa
291|Megatruh ing Tengah Wengi|Widodo Basuki|Puisi|1998|sastrajawa
292|Nalika Bende Tinabuh|Widodo Basuki|Puisi|1998|sastrajawa
293|Mbatik|Widodo Basuki|Puisi|1998|sastrajawa
294|Kadurakan ing Kedhung Srengenge|Widodo Basuki|Puisi|1998|sastrajawa
295|Megatruh Tengah Wengi|Widodo Basuki|Puisi|1987|sastrajawa
296|Ublik ing Trotoar|Widodo Basuki|Puisi|1987|sastrajawa
297|O Jogrok|Widodo Basuki|Puisi|1987|sastrajawa
298|Bambar Bunelan|Widodo Basuki|Puisi|1987|sastrajawa
299|Liong|Widodo Basuki|Puisi|1999|sastrajawa
300|Wulan Sandhuwuring Geni|Widodo Basuki|Puisi|1996|sastrajawa
301|Bandha Warisan|Widodo Basuki|Puisi|2001|sastrajawa
302|Kembang Kang Mekar ing Ketiga Aking|Bonari Nabonenar|Cerpen|1987|sastrajawa
303|Omah|Bonari Nabonenar|Cerpen|1987|sastrajawa
304|Lakon|Bonari Nabonenar|Cerpen|1987|sastrajawa
305|Wong Ayu lan Gedhang|Bonari Nabonenar|Cerpen|1990|sastrajawa
306|Ing Pangkone Sulastri|Bonari Nabonenar|Cerpen|1990|sastrajawa
307|Klantung Sastramidring|Bonari Nabonenar|Cerpen|1991|sastrajawa
308|Guru: Kacatur Ngalor-ngidul|Bonari Nabonenar|Cerpen|1991|sastrajawa
309|Dheweke Teka|Bonari Nabonenar|Cerpen|1992|sastrajawa
310|andhi Wurung|Bonari Nabonenar|Cerpen|1992|sastrajawa
311|Tembang Tangise Sinten|Bonari Nabonenar|Cerpen|1992|sastrajawa
312|Jaka Durung Duwe SIM|Bonari Nabonenar|Cerpen|1992|sastrajawa
313|Ponorogo|Bonari Nabonenar|Cerpen|1995|sastrajawa
314|Cangkriman: Biyen lan Saiki|Bonari Nabonenar|Cerpen|1987|sastrajawa
315|Murid: Biyen lan Saiki|Bonari Nabonenar|Cerpen|1989|sastrajawa
316|Kasusastran lan Bonsai|Bonari Nabonenar|Cerpen|1990|sastrajawa
317|Pancakaki: Biyen lan Saiki|Bonari Nabonenar|Cerpen|1991|sastrajawa
318|Nasibe Lulusan SPG|Bonari Nabonenar|Cerpen|1991|sastrajawa
319|Isih Cilik Ngabotohan|Bonari Nabonenar|Cerpen|1992|sastrajawa
320|Nangisi Ludruk|Bonari Nabonenar|Cerpen|1994|sastrajawa
321|Kidung Wengi Ing Gunung Gamping|St Lesmaniasita|Cerpen|1958|sastrajawa
322|Kringet Saka Tangan Prakosa|St Lesmaniasita|Cerpen|1974|sastrajawa
323|Kalimput ing Pedhut|St Lesmaniasita|Puisi|1976|sastrajawa
324|Kabar Saka Bendulmrisi|St Lesmaniasita|Puisi|2001|sastrajawa
325|Lintang-Lintang Ambyor|St Lesmaniasita|Puisi|1983|sastrajawa
326|Alun Isih Gumulung|Joseph Fransiscus Xaverius Hoery|Cerpen|1975|sastrajawa
327|Sunar Dewanti|Joseph Fransiscus Xaverius Hoery|Cerpen|1975|sastrajawa
328|Tilgram Saka Bapak|Joseph Fransiscus Xaverius Hoery|Cerpen|1976|sastrajawa
329|Anak Lanang Mbarep|Joseph Fransiscus Xaverius Hoery|Cerpen|1977|sastrajawa
330|Kowe Apa Wis Dhewasa Tenan Mirah|Joseph Fransiscus Xaverius Hoery|Cerpen|1977|sastrajawa
331|Layang Saka Sumenep|Joseph Fransiscus Xaverius Hoery|Cerpen|1978|sastrajawa
332|Klebu Jaring|Joseph Fransiscus Xaverius Hoery|Cerpen|1978|sastrajawa
333|Mojang Kamojang|Joseph Fransiscus Xaverius Hoery|Cerpen|1978|sastrajawa
334|Kawiyak|Joseph Fransiscus Xaverius Hoery|Cerpen|1979|sastrajawa
335|Mbakyune Nyawang Kanthi Tajem|Joseph Fransiscus Xaverius Hoery|Cerpen|1980|sastrajawa
336|Atining Wanita|Joseph Fransiscus Xaverius Hoery|Cerpen|1980|sastrajawa
337|Angin Wengi Segara Kidul|Joseph Fransiscus Xaverius Hoery|Cerpen|1975|sastrajawa
338|Banjire Wis Surut|Joseph Fransiscus Xaverius Hoery|Cerpen|1975|sastrajawa
339|Mengko Ketemu Maneh|Joseph Fransiscus Xaverius Hoery|Cerpen|1984|sastrajawa
340|Lien Nio Atimu Putih|Joseph Fransiscus Xaverius Hoery|Cerpen|1984|sastrajawa
341|Rembulan Surem|Joseph Fransiscus Xaverius Hoery|Cerpen|1984|sastrajawa
342|Wisel|Joseph Fransiscus Xaverius Hoery|Cerpen|1984|sastrajawa
343|Dhewekw Wis Bali|Joseph Fransiscus Xaverius Hoery|Cerpen|1984|sastrajawa
344|Gunung Lima Sinaput Pedhut|Joseph Fransiscus Xaverius Hoery|Cerpen|1990|sastrajawa
345|Layang Waiyat|Joseph Fransiscus Xaverius Hoery|Cerpen|1975|sastrajawa
346|Panjaluke Mbak Widya|Joseph Fransiscus Xaverius Hoery|Cerpen|1983|sastrajawa
347|Tamu Lingsir Wengi Ing Lokasi|Joseph Fransiscus Xaverius Hoery|Cerpen|1985|sastrajawa
348|Dudu Slahku|Joseph Fransiscus Xaverius Hoery|Cerpen|1981|sastrajawa
349|Kenya Ing Kamar Losmen|Joseph Fransiscus Xaverius Hoery|Cerpen|1986|sastrajawa
350|Cipanas Gawe Ati Panas|Joseph Fransiscus Xaverius Hoery|Cerpen|1895|sastrajawa
351|Temlawung|Joseph Fransiscus Xaverius Hoery|Cerpen|1983|sastrajawa
352|Ambyar|Joseph Fransiscus Xaverius Hoery|Cerpen|1980|sastrajawa
353|Kinanthi|Joseph Fransiscus Xaverius Hoery|Cerpen|2003|sastrajawa
354|Lonceng Tengah Wengi|Joseph Fransiscus Xaverius Hoery|Cerpen|1976|sastrajawa
355|Testening Kringet Ing Tlatah Cengkar|Joseph Fransiscus Xaverius Hoery|Cerpen|1976|sastrajawa
356|Banjire wis Surut|Joseph Fransiscus Xaverius Hoery|Cerpen|1978|sastrajawa
357|Kelayu Kenya Ayu|Joseph Fransiscus Xaverius Hoery|Cerpen|1974|sastrajawa
358|Kabuncang Ing Pangangen|Joseph Fransiscus Xaverius Hoery|Cerpen|1978|sastrajawa
359|Rembulan Sadhuwuring Falmboyan|Joseph Fransiscus Xaverius Hoery|Cerpen|1978|sastrajawa
360|Mengko Ketemu Maneh|Joseph Fransiscus Xaverius Hoery|Cerpen|1986|sastrajawa
361|Teluk Lorok Dadi Saksi|Joseph Fransiscus Xaverius Hoery|Cerpen|1987|sastrajawa
362|Ing Teluk poph|Joseph Fransiscus Xaverius Hoery|Cerpen|1988|sastrajawa
363|Nedhenge Flamboyan Mekar|Joseph Fransiscus Xaverius Hoery|Cerpen|1982|sastrajawa
364|Wewadi|Joseph Fransiscus Xaverius Hoery|Cerpen|1987|sastrajawa
365|Jerit Bubar Maghrib|Joseph Fransiscus Xaverius Hoery|Cerpen|1975|sastrajawa
366|Sepur Kapindho|Joseph Fransiscus Xaverius Hoery|Cerpen|1975|sastrajawa
367|Katresnan lan wewadi kang Kineker|Joseph Fransiscus Xaverius Hoery|Cerpen|1976|sastrajawa
368|uwit Nakal|Joseph Fransiscus Xaverius Hoery|Cerpen|1976|sastrajawa
369|Selekta Abang|Joseph Fransiscus Xaverius Hoery|Cerpen|1975|sastrajawa
370|tandure Wis Sumilir|Joseph Fransiscus Xaverius Hoery|Cerpen|1987|sastrajawa
371|Ringin Ngarep Rumah Sakit|Joseph Fransiscus Xaverius Hoery|Cerpen|1987|sastrajawa
372|Aja Kleru Tampa Yanny|Joseph Fransiscus Xaverius Hoery|Cerpen|1987|sastrajawa
373|Titising Panyuwun|Joseph Fransiscus Xaverius Hoery|Cerpen|1981|sastrajawa
374|Kali Grindulu|Joseph Fransiscus Xaverius Hoery|Puisi|1971|sastrajawa
375|Sugeng Esuk Surabaya|Joseph Fransiscus Xaverius Hoery|Puisi|1972|sastrajawa
376|Pacitan|Joseph Fransiscus Xaverius Hoery|Puisi|1976|sastrajawa
377|Sungapan Pacitan|Joseph Fransiscus Xaverius Hoery|Puisi|1976|sastrajawa
378|Tlatah Rengka|Joseph Fransiscus Xaverius Hoery|Puisi|1974|sastrajawa
379|Napas-napas Talatah Cengkar|Joseph Fransiscus Xaverius Hoery|Puisi|1974|sastrajawa
380|karangpacar|Joseph Fransiscus Xaverius Hoery|Puisi|1975|sastrajawa
381|Baureno|Joseph Fransiscus Xaverius Hoery|Puisi|1975|sastrajawa
382|Wadhuk Leran|Joseph Fransiscus Xaverius Hoery|Puisi|1975|sastrajawa
383|Kabar Saka Desa|Joseph Fransiscus Xaverius Hoery|Puisi|1976|sastrajawa
384|Madiun|Joseph Fransiscus Xaverius Hoery|Puisi|1977|sastrajawa
385|Ing Sasonomulyo Aku|Joseph Fransiscus Xaverius Hoery|Puisi|1977|sastrajawa
386|Ing Gegere Gunung Cerme|Joseph Fransiscus Xaverius Hoery|Puisi|1978|sastrajawa
387|Dakcethet Ing Banjarjo 22|Joseph Fransiscus Xaverius Hoery|Puisi|1979|sastrajawa
388|Pacitan Cepu Aku Ketemu|Joseph Fransiscus Xaverius Hoery|Puisi|1979|sastrajawa
389|Kenjeran Tugu Pahlawan|Joseph Fransiscus Xaverius Hoery|Puisi|1983|sastrajawa
390|Gunung Sewu|Joseph Fransiscus Xaverius Hoery|Puisi|1983|sastrajawa
391|Alas Roban|Joseph Fransiscus Xaverius Hoery|Puisi|1984|sastrajawa
392|Angin Padesan|Joseph Fransiscus Xaverius Hoery|Puisi|1985|sastrajawa
393|Sengkaling|Joseph Fransiscus Xaverius Hoery|Puisi|1986|sastrajawa
394|Selekta|Joseph Fransiscus Xaverius Hoery|Puisi|1986|sastrajawa
395|Srengenge Mlethek Ing barehan|Joseph Fransiscus Xaverius Hoery|Puisi|1987|sastrajawa
396|Pacitan kang Dakkangeni|Joseph Fransiscus Xaverius Hoery|Puisi|1988|sastrajawa
397|Sadawaning dalan Pacitan-Tegalombo|Joseph Fransiscus Xaverius Hoery|Puisi|1988|sastrajawa
398|ugeng Keri pacitan|Joseph Fransiscus Xaverius Hoery|Puisi|1989|sastrajawa
399|Punung|Joseph Fransiscus Xaverius Hoery|Puisi|1989|sastrajawa
400|Teleng ( Panjebar Semangat|Joseph Fransiscus Xaverius Hoery|Puisi|1933|sastrajawa
401|Sungapan Lorok|Joseph Fransiscus Xaverius Hoery|Puisi|1995|sastrajawa
402|Tlatah Rengka|Joseph Fransiscus Xaverius Hoery|Puisi|1974|sastrajawa
403|Aku Ora Kuwawa|Joseph Fransiscus Xaverius Hoery|Puisi|1974|sastrajawa
404|Kapang|Joseph Fransiscus Xaverius Hoery|Puisi|1974|sastrajawa
405|Prawan Sunthi|Joseph Fransiscus Xaverius Hoery|Puisi|1974|sastrajawa
406|Panglocita|Joseph Fransiscus Xaverius Hoery|Puisi|1974|sastrajawa
407|Pangrasa|Joseph Fransiscus Xaverius Hoery|Puisi|1974|sastrajawa
408|Jaran Guyang|Joseph Fransiscus Xaverius Hoery|Puisi|1976|sastrajawa
409|Salam Kagem Sliramu|Joseph Fransiscus Xaverius Hoery|Puisi|1976|sastrajawa
410|Sliramu Kang Anguwuh Kapang|Joseph Fransiscus Xaverius Hoery|Puisi|1977|sastrajawa
411|Tumenga|Joseph Fransiscus Xaverius Hoery|Puisi|1977|sastrajawa
412|Sliramu Wis Tinimbalan Bali|Joseph Fransiscus Xaverius Hoery|Puisi|1976|sastrajawa
413|Antarane aku Lan Sliramu|Joseph Fransiscus Xaverius Hoery|Puisi|1978|sastrajawa
414|Ballada Wong-wong Pengeboran|Joseph Fransiscus Xaverius Hoery|Puisi|1980|sastrajawa
415|Esem|Joseph Fransiscus Xaverius Hoery|Puisi|1981|sastrajawa
416|Swara Ing Batin Swara Ing Asepi|Joseph Fransiscus Xaverius Hoery|Puisi|1982|sastrajawa
417|Rembulan Leledhang|Joseph Fransiscus Xaverius Hoery|Puisi|1983|sastrajawa
418|Apa Maneh Sing Mboklari|Joseph Fransiscus Xaverius Hoery|Puisi|1983|sastrajawa
419|Gumalewang|Joseph Fransiscus Xaverius Hoery|Puisi|1985|sastrajawa
420|Koncatan|Joseph Fransiscus Xaverius Hoery|Puisi|1985|sastrajawa
421|Tumpak|Joseph Fransiscus Xaverius Hoery|Puisi|1987|sastrajawa
422|Saka Kedheping Netramu|Joseph Fransiscus Xaverius Hoery|Puisi|1988|sastrajawa
423|Sugeng Tindak Mitra|Joseph Fransiscus Xaverius Hoery|Puisi|1988|sastrajawa
424|Tumibal|Joseph Fransiscus Xaverius Hoery|Puisi|1988|sastrajawa
425|Ambyar|Joseph Fransiscus Xaverius Hoery|Puisi|1989|sastrajawa
426|Dakantu Tekane Kabar Ing Mangsa Iki|Joseph Fransiscus Xaverius Hoery|Puisi|1988|sastrajawa
427|Pendhut|Joseph Fransiscus Xaverius Hoery|Puisi|1996|sastrajawa
428|Kemrungsung|Joseph Fransiscus Xaverius Hoery|Puisi|1998|sastrajawa
429|Wengi Pangumbaran|Joseph Fransiscus Xaverius Hoery|Puisi|1982|sastrajawa
430|Keblat|Joseph Fransiscus Xaverius Hoery|Puisi|1991|sastrajawa
431|Kasaguhan|Joseph Fransiscus Xaverius Hoery|Puisi|1994|sastrajawa
432|Kelangan|Joseph Fransiscus Xaverius Hoery|Puisi|1993|sastrajawa
433|Nglenggana|Joseph Fransiscus Xaverius Hoery|Puisi|1994|sastrajawa
434|Pamrih|Joseph Fransiscus Xaverius Hoery|Puisi|1995|sastrajawa
435|Wis Samesthine|Joseph Fransiscus Xaverius Hoery|Puisi|1995|sastrajawa
436|Aku Iki|Joseph Fransiscus Xaverius Hoery|Puisi|1995|sastrajawa
437|Ora Perlu Ditangisi|Joseph Fransiscus Xaverius Hoery|Puisi|1998|sastrajawa
438|Mega Putih|Joseph Fransiscus Xaverius Hoery|Puisi|1998|sastrajawa
439|Pahargyan|Joseph Fransiscus Xaverius Hoery|Puisi|1972|sastrajawa
440|Upeti|Joseph Fransiscus Xaverius Hoery|Puisi|1973|sastrajawa
441|Penget|Joseph Fransiscus Xaverius Hoery|Puisi|1974|sastrajawa
442|Aku Ora Kuwawa|Joseph Fransiscus Xaverius Hoery|Puisi|1974|sastrajawa
443|Monumen|Joseph Fransiscus Xaverius Hoery|Puisi|1974|sastrajawa
444|Pragmen|Joseph Fransiscus Xaverius Hoery|Puisi|1982|sastrajawa
445|Perkutut|Joseph Fransiscus Xaverius Hoery|Puisi|1975|sastrajawa
446|Penggurit Wis Dhek Wingi Mardika|Joseph Fransiscus Xaverius Hoery|Puisi|1975|sastrajawa
447|Layang Kekancinagn|Joseph Fransiscus Xaverius Hoery|Puisi|1975|sastrajawa
448|Sadurunge Sirine Mecah Ombak|Joseph Fransiscus Xaverius Hoery|Puisi|1976|sastrajawa
449|Panantang|Joseph Fransiscus Xaverius Hoery|Puisi|1976|sastrajawa
450|Biwara|Joseph Fransiscus Xaverius Hoery|Puisi|1977|sastrajawa
451|Atiku Lan KArepmu|Joseph Fransiscus Xaverius Hoery|Puisi|1977|sastrajawa
452|Apa Abamu Panggurit|Joseph Fransiscus Xaverius Hoery|Puisi|1976|sastrajawa
453|Patembayan|Joseph Fransiscus Xaverius Hoery|Puisi|1977|sastrajawa
454|Simbah|Joseph Fransiscus Xaverius Hoery|Puisi|1978|sastrajawa
455|Layang –I|Joseph Fransiscus Xaverius Hoery|Puisi|1978|sastrajawa
456|Layang –II|Joseph Fransiscus Xaverius Hoery|Puisi|1978|sastrajawa
457|Kang Diarep|Joseph Fransiscus Xaverius Hoery|Puisi|1978|sastrajawa
458|Ing Mburine Redaksi|Joseph Fransiscus Xaverius Hoery|Puisi|1968|sastrajawa
459|Pangruwat|Joseph Fransiscus Xaverius Hoery|Puisi|1984|sastrajawa
460|Tuntutan Jaman Edan|Joseph Fransiscus Xaverius Hoery|Puisi|1986|sastrajawa
461|Iki Dudu Layang Panantang|Joseph Fransiscus Xaverius Hoery|Puisi|1987|sastrajawa
462|Iki Layang Kangenku|Joseph Fransiscus Xaverius Hoery|Puisi|1988|sastrajawa
463|Senthir|Joseph Fransiscus Xaverius Hoery|Puisi|1988|sastrajawa
464|Panggah|Joseph Fransiscus Xaverius Hoery|Puisi|1989|sastrajawa
465|Panandhang|Joseph Fransiscus Xaverius Hoery|Puisi|1998|sastrajawa
466|Paseksen|Joseph Fransiscus Xaverius Hoery|Puisi|1998|sastrajawa
467|Paseksen Panggurit|Joseph Fransiscus Xaverius Hoery|Puisi|1990|sastrajawa
468|Kelangan|Joseph Fransiscus Xaverius Hoery|Puisi|1993|sastrajawa
469|Srakah|Joseph Fransiscus Xaverius Hoery|Puisi|1993|sastrajawa
470|Panggresah Ing Tengah Sawah|Joseph Fransiscus Xaverius Hoery|Puisi|2000|sastrajawa
471|Tekamu|Joseph Fransiscus Xaverius Hoery|Puisi|1995|sastrajawa
472|Kendhang|Joseph Fransiscus Xaverius Hoery|Puisi|1996|sastrajawa
473|Sing Katon Kae|Joseph Fransiscus Xaverius Hoery|Puisi|1996|sastrajawa
474|Refleksi Kesunyatan|Joseph Fransiscus Xaverius Hoery|Puisi|2000|sastrajawa
475|Panggugat|Joseph Fransiscus Xaverius Hoery|Puisi|1997|sastrajawa
476|Kemrungsung|Joseph Fransiscus Xaverius Hoery|Puisi|1998|sastrajawa
477|Pagelaran|Joseph Fransiscus Xaverius Hoery|Puisi|1987|sastrajawa
478|Gemothange Lonceng Sangisore Kayu Pamenthangan|Joseph Fransiscus Xaverius Hoery|Puisi|1982|sastrajawa
479|Ing|Joseph Fransiscus Xaverius Hoery|Puisi|1984|sastrajawa
480|Ing Astamu Rinakit Gurit|Joseph Fransiscus Xaverius Hoery|Puisi|1984|sastrajawa
481|Sapa Ta|Joseph Fransiscus Xaverius Hoery|Puisi|1986|sastrajawa
482|Manunggal|Joseph Fransiscus Xaverius Hoery|Puisi|1986|sastrajawa
483|Donga Pungkasan|Joseph Fransiscus Xaverius Hoery|Puisi|1986|sastrajawa
484|Menep|Joseph Fransiscus Xaverius Hoery|Puisi|1987|sastrajawa
485|Sumendhe|Joseph Fransiscus Xaverius Hoery|Puisi|1987|sastrajawa
486|Ing Rasa RasaMu|Joseph Fransiscus Xaverius Hoery|Puisi|1987|sastrajawa
487|Saka Kedheping NetraMu|Joseph Fransiscus Xaverius Hoery|Puisi|1988|sastrajawa
488|Saka Altar Greja Tuwa|Joseph Fransiscus Xaverius Hoery|Puisi|1988|sastrajawa
489|Donga Wengi|Joseph Fransiscus Xaverius Hoery|Puisi|1989|sastrajawa
490|Palungan|Joseph Fransiscus Xaverius Hoery|Puisi|1989|sastrajawa
491|Pitakon|Joseph Fransiscus Xaverius Hoery|Puisi|1989|sastrajawa
492|Ing Kene getihmu|Joseph Fransiscus Xaverius Hoery|Puisi|1989|sastrajawa
493|Saka Asihmu|Joseph Fransiscus Xaverius Hoery|Puisi|1990|sastrajawa
494|Suwung|Joseph Fransiscus Xaverius Hoery|Puisi|1993|sastrajawa
495|Kowe Wis Lega?|St. Iesmaniasita|Puisi|2004|sastrajawa
496|Kadurakan Ing Kidul Dringu|Suparto Brata|Novel|1964|sastrajawa
497|Para Priyayi|Umar Kayam|Novel|1992|sastrajawa
498|Anteping Tekad|A.G. Suharti|Novel|1975|sastrajawa
499|Rara Mendhut|Y.B. Mangun Wijaya|Novel|1983|sastrajawa
500|Kenja Saka Kota Gudeg|Widi Widajat|Novel|1996|sastrajawa
501|Ketanggor Badjul|Ning Sungkono|Fiksi|2010|sastrajawa
502|Kebak Sudukane|Widi Widajat|Fiksi|1966|sastrajawa
503|Lagune Putri Kasmaran|Hardjana HP|Fiksi|1966|sastrajawa
1|Wow... Loved this place.|1|Fiksi|2021|english
2|Crust is not good.|0|Fiksi|2021|english
3|Not tasty and the texture was just nasty.|0|Fiksi|2021|english
4|Stopped by during the late May bank holiday off Rick Steve recommendation and loved it.|1|Fiksi|2021|english
5|The selection on the menu was great and so were the prices.|1|Fiksi|2021|english
6|Now I am getting angry and I want my damn pho.|0|Fiksi|2021|english
7|Honeslty it didn't taste THAT fresh.)|0|Fiksi|2021|english
8|The potatoes were like rubber and you could tell they had been made up ahead of time being kept under a warmer.|0|Fiksi|2021|english
9|The fries were great too.|1|Fiksi|2021|english
10|A great touch.|1|Fiksi|2021|english
11|Service was very prompt.|1|Fiksi|2021|english
12|Would not go back.|0|Fiksi|2021|english
13|The cashier had no care what so ever on what I had to say it still ended up being wayyy overpriced.|0|Fiksi|2021|english
14|I tried the Cape Cod ravoli, chicken,with cranberry...mmmm!|1|Fiksi|2021|english
15|I was disgusted because I was pretty sure that was human hair.|0|Fiksi|2021|english
16|I was shocked because no signs indicate cash only.|0|Fiksi|2021|english
17|Highly recommended.|1|Fiksi|2021|english
18|Waitress was a little slow in service.|0|Fiksi|2021|english
19|This place is not worth your time, let alone Vegas.|0|Fiksi|2021|english
20|did not like at all.|0|Fiksi|2021|english
21|The Burrittos Blah!|0|Fiksi|2021|english
22|The food, amazing.|1|Fiksi|2021|english
23|Service is also cute.|1|Fiksi|2021|english
24|I could care less... The interior is just beautiful.|1|Fiksi|2021|english
25|So they performed.|1|Fiksi|2021|english
26|That's right....the red velvet cake.....ohhh this stuff is so good.|1|Fiksi|2021|english
27|- They never brought a salad we asked for.|0|Fiksi|2021|english
28|This hole in the wall has great Mexican street tacos, and friendly staff.|1|Fiksi|2021|english
29|Took an hour to get our food only 4 tables in restaurant my food was Luke warm, Our sever was running around like he was totally overwhelmed.|0|Fiksi|2021|english
30|The worst was the salmon sashimi.|0|Fiksi|2021|english
31|Also there are combos like a burger, fries, and beer for 23 which is a decent deal.|1|Fiksi|2021|english
32|This was like the final blow!|0|Fiksi|2021|english
33|I found this place by accident and I could not be happier.|1|Fiksi|2021|english
34|seems like a good quick place to grab a bite of some familiar pub food, but do yourself a favor and look elsewhere.|0|Fiksi|2021|english
35|Overall, I like this place a lot.|1|Fiksi|2021|english
36|The only redeeming quality of the restaurant was that it was very inexpensive.|1|Fiksi|2021|english
37|Ample portions and good prices.|1|Fiksi|2021|english
38|Poor service, the waiter made me feel like I was stupid every time he came to the table.|0|Fiksi|2021|english
39|My first visit to Hiro was a delight!|1|Fiksi|2021|english
40|Service sucks.|0|Fiksi|2021|english
41|The shrimp tender and moist.|1|Fiksi|2021|english
42|There is not a deal good enough that would drag me into that establishment again.|0|Fiksi|2021|english
43|Hard to judge whether these sides were good because we were grossed out by the melted styrofoam and didn't want to eat it for fear of getting sick.|0|Fiksi|2021|english
44|On a positive note, our server was very attentive and provided great service.|1|Fiksi|2021|english
45|Frozen pucks of disgust, with some of the worst people behind the register.|0|Fiksi|2021|english
46|The only thing I did like was the prime rib and dessert section.|1|Fiksi|2021|english
47|It's too bad the food is so damn generic.|0|Fiksi|2021|english
48|The burger is good beef, cooked just right.|1|Fiksi|2021|english
49|If you want a sandwich just go to any Firehouse!!!!!|1|Fiksi|2021|english
50|My side Greek salad with the Greek dressing was so tasty, and the pita and hummus was very refreshing.|1|Fiksi|2021|english
51|We ordered the duck rare and it was pink and tender on the inside with a nice char on the outside.|1|Fiksi|2021|english
52|He came running after us when he realized my husband had left his sunglasses on the table.|1|Fiksi|2021|english
53|Their chow mein is so good!|1|Fiksi|2021|english
54|They have horrible attitudes towards customers, and talk down to each one when customers don't enjoy their food.|0|Fiksi|2021|english
55|The portion was huge!|1|Fiksi|2021|english
56|Loved it...friendly servers, great food, wonderful and imaginative menu.|1|Fiksi|2021|english
57|The Heart Attack Grill in downtown Vegas is an absolutely flat-lined excuse for a restaurant.|0|Fiksi|2021|english
58|Not much seafood and like 5 strings of pasta at the bottom.|0|Fiksi|2021|english
59|The salad had just the right amount of sauce to not over power the scallop, which was perfectly cooked.|1|Fiksi|2021|english
60|The ripped banana was not only ripped, but petrified and tasteless.|0|Fiksi|2021|english
61|At least think to refill my water before I struggle to wave you over for 10 minutes.|0|Fiksi|2021|english
62|This place receives stars for their APPETIZERS!!!|1|Fiksi|2021|english
63|The cocktails are all handmade and delicious.|1|Fiksi|2021|english
64|We'd definitely go back here again.|1|Fiksi|2021|english
65|We are so glad we found this place.|1|Fiksi|2021|english
66|Great food and service, huge portions and they give a military discount.|1|Fiksi|2021|english
67|Always a great time at Dos Gringos!|1|Fiksi|2021|english
68|Update.....went back for a second time and it was still just as amazing|1|Fiksi|2021|english
69|We got the food and apparently they have never heard of salt and the batter on the fish was chewy.|0|Fiksi|2021|english
70|A great way to finish a great.|1|Fiksi|2021|english
71|The deal included 5 tastings and 2 drinks, and Jeff went above and beyond what we expected.|1|Fiksi|2021|english
72|- Really, really good rice, all the time.|1|Fiksi|2021|english
73|The service was meh.|0|Fiksi|2021|english
74|It took over 30 min to get their milkshake, which was nothing more than chocolate milk.|0|Fiksi|2021|english
75|I guess I should have known that this place would suck, because it is inside of the Excalibur, but I didn't use my common sense.|0|Fiksi|2021|english
76|The scallop dish is quite appalling for value as well.|0|Fiksi|2021|english
77|2 times - Very Bad Customer Service !|0|Fiksi|2021|english
78|The sweet potato fries were very good and seasoned well.|1|Fiksi|2021|english
79|Today is the second time I've been to their lunch buffet and it was pretty good.|1|Fiksi|2021|english
80|There is so much good food in Vegas that I feel cheated for wasting an eating opportunity by going to Rice and Company.|0|Fiksi|2021|english
81|Coming here is like experiencing an underwhelming relationship where both parties can't wait for the other person to ask to break up.|0|Fiksi|2021|english
82|walked in and the place smelled like an old grease trap and only 2 others there eating.|0|Fiksi|2021|english
83|The turkey and roast beef were bland.|0|Fiksi|2021|english
84|This place has it!|1|Fiksi|2021|english
85|The pan cakes everyone are raving about taste like a sugary disaster tailored to the palate of a six year old.|0|Fiksi|2021|english
86|I love the Pho and the spring rolls oh so yummy you have to try.|1|Fiksi|2021|english
87|The poor batter to meat ratio made the chicken tenders very unsatisfying.|0|Fiksi|2021|english
88|All I have to say is the food was amazing!!!|1|Fiksi|2021|english
89|Omelets are to die for!|1|Fiksi|2021|english
90|Everything was fresh and delicious!|1|Fiksi|2021|english
91|In summary, this was a largely disappointing dining experience.|0|Fiksi|2021|english
92|It's like a really sexy party in your mouth, where you're outrageously flirting with the hottest person at the party.|1|Fiksi|2021|english
93|Never been to Hard Rock Casino before, WILL NEVER EVER STEP FORWARD IN IT AGAIN!|0|Fiksi|2021|english
94|Best breakfast buffet!!!|1|Fiksi|2021|english
95|say bye bye to your tip lady!|0|Fiksi|2021|english
96|We'll never go again.|0|Fiksi|2021|english
97|Will be back again!|1|Fiksi|2021|english
98|Food arrived quickly!|1|Fiksi|2021|english
99|It was not good.|0|Fiksi|2021|english
100|On the up side, their cafe serves really good food.|1|Fiksi|2021|english
101|Our server was fantastic and when he found out the wife loves roasted garlic and bone marrow, he added extra to our meal and another marrow to go!|1|Fiksi|2021|english
102|The only good thing was our waiter, he was very helpful and kept the bloddy mary's coming.|1|Fiksi|2021|english
103|Best Buffet in town, for the price you cannot beat it.|1|Fiksi|2021|english
104|I LOVED their mussels cooked in this wine reduction, the duck was tender, and their potato dishes were delicious.|1|Fiksi|2021|english
105|This is one of the better buffets that I have been to.|1|Fiksi|2021|english
106|So we went to Tigerlilly and had a fantastic afternoon!|1|Fiksi|2021|english
107|The food was delicious, our bartender was attentive and personable AND we got a great deal!|1|Fiksi|2021|english
108|The ambience is wonderful and there is music playing.|1|Fiksi|2021|english
109|Will go back next trip out.|1|Fiksi|2021|english
110|Sooooo good!!|1|Fiksi|2021|english
111|REAL sushi lovers, let's be honest - Yama is not that good.|0|Fiksi|2021|english
112|At least 40min passed in between us ordering and the food arriving, and it wasn't that busy.|0|Fiksi|2021|english
113|This is a really fantastic Thai restaurant which is definitely worth a visit.|1|Fiksi|2021|english
114|Nice, spicy and tender.|1|Fiksi|2021|english
115|Good prices.|1|Fiksi|2021|english
116|Check it out.|1|Fiksi|2021|english
117|It was pretty gross!|0|Fiksi|2021|english
118|I've had better atmosphere.|0|Fiksi|2021|english
119|Kind of hard to mess up a steak but they did.|0|Fiksi|2021|english
120|Although I very much liked the look and sound of this place, the actual experience was a bit disappointing.|0|Fiksi|2021|english
121|I just don't know how this place managed to served the blandest food I have ever eaten when they are preparing Indian cuisine.|0|Fiksi|2021|english
122|Worst service to boot, but that is the least of their worries.|0|Fiksi|2021|english
123|Service was fine and the waitress was friendly.|1|Fiksi|2021|english
124|The guys all had steaks, and our steak loving son who has had steak at the best and worst places said it was the best steak he's ever eaten.|1|Fiksi|2021|english
125|We thought you'd have to venture further away to get good sushi, but this place really hit the spot that night.|1|Fiksi|2021|english
126|Host staff were, for lack of a better word, BITCHES!|0|Fiksi|2021|english
127|Bland... Not a liking this place for a number of reasons and I don't want to waste time on bad reviewing.. I'll leave it at that...|0|Fiksi|2021|english
128|Phenomenal food, service and ambiance.|1|Fiksi|2021|english
129|I wouldn't return.|0|Fiksi|2021|english
130|Definitely worth venturing off the strip for the pork belly, will return next time I'm in Vegas.|1|Fiksi|2021|english
131|This place is way too overpriced for mediocre food.|0|Fiksi|2021|english
132|Penne vodka excellent!|1|Fiksi|2021|english
133|They have a good selection of food including a massive meatloaf sandwich, a crispy chicken wrap, a delish tuna melt and some tasty burgers.|1|Fiksi|2021|english
134|The management is rude.|0|Fiksi|2021|english
135|Delicious NYC bagels, good selections of cream cheese, real Lox with capers even.|1|Fiksi|2021|english
136|Great Subway, in fact it's so good when you come here every other Subway will not meet your expectations.|1|Fiksi|2021|english
137|I had a seriously solid breakfast here.|1|Fiksi|2021|english
138|This is one of the best bars with food in Vegas.|1|Fiksi|2021|english
139|He was extremely rude and really, there are so many other restaurants I would love to dine at during a weekend in Vegas.|0|Fiksi|2021|english
140|My drink was never empty and he made some really great menu suggestions.|1|Fiksi|2021|english
141|Don't do it!!!!|0|Fiksi|2021|english
142|The waiter wasn't helpful or friendly and rarely checked on us.|0|Fiksi|2021|english
143|My husband and I ate lunch here and were very disappointed with the food and service.|0|Fiksi|2021|english
144|And the red curry had so much bamboo shoots and wasn't very tasty to me.|0|Fiksi|2021|english
145|Nice blanket of moz over top but i feel like this was done to cover up the subpar food.|1|Fiksi|2021|english
146|The bathrooms are clean and the place itself is well decorated.|1|Fiksi|2021|english
147|The menu is always changing, food quality is going down & service is extremely slow.|0|Fiksi|2021|english
148|The service was a little slow , considering that were served by 3 people servers so the food was coming in a slow pace.|0|Fiksi|2021|english
149|I give it 2 thumbs down|0|Fiksi|2021|english
150|We watched our waiter pay a lot more attention to other tables and ignore us.|0|Fiksi|2021|english